Trace	CAT
403.gcc-16B_4T	SPEC06
410.bwaves-1963B_4T	SPEC06
429.mcf-184B_4T	SPEC06
429.mcf-192B_4T	SPEC06
429.mcf-51B_4T	SPEC06
433.milc-127B_4T	SPEC06
436.cactusADM-1804B_4T	SPEC06
437.leslie3d-149B_4T	SPEC06
437.leslie3d-232B_4T	SPEC06
437.leslie3d-265B_4T	SPEC06
437.leslie3d-271B_4T	SPEC06
445.gobmk-30B_4T	SPEC06
445.gobmk-36B_4T	SPEC06
450.soplex-247B_4T	SPEC06
459.GemsFDTD-1211B_4T	SPEC06
459.GemsFDTD-1418B_4T	SPEC06
459.GemsFDTD-765B_4T	SPEC06
462.libquantum-1343B_4T	SPEC06
462.libquantum-714B_4T	SPEC06
470.lbm-1274B_4T	SPEC06
471.omnetpp-188B_4T	SPEC06
473.astar-359B_4T	SPEC06
481.wrf-1254B_4T	SPEC06
481.wrf-196B_4T	SPEC06
481.wrf-816B_4T	SPEC06
482.sphinx3-1297B_4T	SPEC06
482.sphinx3-1395B_4T	SPEC06
483.xalancbmk-127B_4T	SPEC06
602.gcc_s-1850B_4T	SPEC17
602.gcc_s-734B_4T	SPEC17
603.bwaves_s-2931B_4T	SPEC17
605.mcf_s-994B_4T	SPEC17
607.cactuBSSN_s-2421B_4T	SPEC17
619.lbm_s-2677B_4T	SPEC17
619.lbm_s-3766B_4T	SPEC17
619.lbm_s-4268B_4T	SPEC17
620.omnetpp_s-141B_4T	SPEC17
620.omnetpp_s-874B_4T	SPEC17
621.wrf_s-6673B_4T	SPEC17
621.wrf_s-8065B_4T	SPEC17
623.xalancbmk_s-10B_4T	SPEC17
623.xalancbmk_s-592B_4T	SPEC17
627.cam4_s-573B_4T	SPEC17
628.pop2_s-17B_4T	SPEC17
649.fotonik3d_s-10881B_4T	SPEC17
654.roms_s-1007B_4T	SPEC17
cassandra_phase0_core0_4T	Cloudsuite
cassandra_phase0_core1_4T	Cloudsuite
cassandra_phase0_core2_4T	Cloudsuite
cassandra_phase0_core3_4T	Cloudsuite
cassandra_phase1_core0_4T	Cloudsuite
cassandra_phase1_core1_4T	Cloudsuite
cassandra_phase1_core2_4T	Cloudsuite
cassandra_phase1_core3_4T	Cloudsuite
cassandra_phase2_core1_4T	Cloudsuite
cassandra_phase2_core2_4T	Cloudsuite
cassandra_phase2_core3_4T	Cloudsuite
cassandra_phase3_core1_4T	Cloudsuite
cassandra_phase3_core3_4T	Cloudsuite
cassandra_phase4_core0_4T	Cloudsuite
cassandra_phase4_core2_4T	Cloudsuite
cassandra_phase4_core3_4T	Cloudsuite
cassandra_phase5_core0_4T	Cloudsuite
cassandra_phase5_core1_4T	Cloudsuite
cassandra_phase5_core2_4T	Cloudsuite
cassandra_phase5_core3_4T	Cloudsuite
cloud9_phase5_core2_4T	Cloudsuite
ligra_BC.com-lj.ungraph.gcc_6.3.0_O3.drop_26750M.length_250M_4T	Ligra
ligra_BC.com-lj.ungraph.gcc_6.3.0_O3.drop_3500M.length_250M_4T	Ligra
ligra_BC.com-lj.ungraph.gcc_6.3.0_O3.drop_500M.length_250M_4T	Ligra
ligra_BellmanFord.com-lj.ungraph.gcc_6.3.0_O3.drop_1750M.length_250M_4T	Ligra
ligra_BellmanFord.com-lj.ungraph.gcc_6.3.0_O3.drop_4000M.length_250M_4T	Ligra
ligra_BellmanFord.com-lj.ungraph.gcc_6.3.0_O3.drop_7500M.length_250M_4T	Ligra
ligra_BFS-Bitvector.com-lj.ungraph.gcc_6.3.0_O3.drop_23000M.length_250M_4T	Ligra
ligra_BFS-Bitvector.com-lj.ungraph.gcc_6.3.0_O3.drop_2500M.length_250M_4T	Ligra
ligra_BFS.com-lj.ungraph.gcc_6.3.0_O3.drop_21500M.length_250M_4T	Ligra
ligra_BFS.com-lj.ungraph.gcc_6.3.0_O3.drop_3500M.length_250M_4T	Ligra
ligra_BFS.com-lj.ungraph.gcc_6.3.0_O3.drop_5000M.length_250M_4T	Ligra
ligra_BFS.com-lj.ungraph.gcc_6.3.0_O3.drop_500M.length_250M_4T	Ligra
ligra_BFSCC.com-lj.ungraph.gcc_6.3.0_O3.drop_22000M.length_250M_4T	Ligra
ligra_BFSCC.com-lj.ungraph.gcc_6.3.0_O3.drop_3500M.length_250M_4T	Ligra
ligra_BFSCC.com-lj.ungraph.gcc_6.3.0_O3.drop_5000M.length_250M_4T	Ligra
ligra_BFSCC.com-lj.ungraph.gcc_6.3.0_O3.drop_750M.length_250M_4T	Ligra
ligra_CF.com-lj.ungraph.gcc_6.3.0_O3.drop_184750M.length_250M_4T	Ligra
ligra_CF.com-lj.ungraph.gcc_6.3.0_O3.drop_2500M.length_250M_4T	Ligra
ligra_Components-Shortcut.com-lj.ungraph.gcc_6.3.0_O3.drop_22000M.length_250M_4T	Ligra
ligra_Components-Shortcut.com-lj.ungraph.gcc_6.3.0_O3.drop_750M.length_250M_4T	Ligra
ligra_Components.com-lj.ungraph.gcc_6.3.0_O3.drop_22750M.length_250M_4T	Ligra
ligra_Components.com-lj.ungraph.gcc_6.3.0_O3.drop_3500M.length_250M_4T	Ligra
ligra_Components.com-lj.ungraph.gcc_6.3.0_O3.drop_750M.length_250M_4T	Ligra
ligra_MIS.com-lj.ungraph.gcc_6.3.0_O3.drop_21250M.length_250M_4T	Ligra
ligra_MIS.com-lj.ungraph.gcc_6.3.0_O3.drop_3500M.length_250M_4T	Ligra
ligra_MIS.com-lj.ungraph.gcc_6.3.0_O3.drop_750M.length_250M_4T	Ligra
ligra_PageRank.com-lj.ungraph.gcc_6.3.0_O3.drop_21750M.length_250M_4T	Ligra
ligra_PageRank.com-lj.ungraph.gcc_6.3.0_O3.drop_500M.length_250M_4T	Ligra
ligra_PageRank.com-lj.ungraph.gcc_6.3.0_O3.drop_51000M.length_250M_4T	Ligra
ligra_PageRank.com-lj.ungraph.gcc_6.3.0_O3.drop_60750M.length_250M_4T	Ligra
ligra_PageRank.com-lj.ungraph.gcc_6.3.0_O3.drop_79500M.length_250M_4T	Ligra
ligra_PageRankDelta.com-lj.ungraph.gcc_6.3.0_O3.drop_1250M.length_250M_4T	Ligra
ligra_PageRankDelta.com-lj.ungraph.gcc_6.3.0_O3.drop_24000M.length_250M_4T	Ligra
ligra_PageRankDelta.com-lj.ungraph.gcc_6.3.0_O3.drop_24500M.length_250M_4T	Ligra
ligra_PageRankDelta.com-lj.ungraph.gcc_6.3.0_O3.drop_3500M.length_250M_4T	Ligra
ligra_Radii.com-lj.ungraph.gcc_6.3.0_O3.drop_32000M.length_250M_4T	Ligra
ligra_Radii.com-lj.ungraph.gcc_6.3.0_O3.drop_3500M.length_250M_4T	Ligra
ligra_Triangle.com-lj.ungraph.gcc_6.3.0_O3.drop_25000M.length_250M_4T	Ligra
ligra_Triangle.com-lj.ungraph.gcc_6.3.0_O3.drop_3500M.length_250M_4T	Ligra
ligra_Triangle.com-lj.ungraph.gcc_6.3.0_O3.drop_750M.length_250M_4T	Ligra
MP_mix_10	Mix
MP_mix_100	Mix
MP_mix_101	Mix
MP_mix_102	Mix
MP_mix_103	Mix
MP_mix_104	Mix
MP_mix_106	Mix
MP_mix_107	Mix
MP_mix_11	Mix
MP_mix_110	Mix
MP_mix_111	Mix
MP_mix_116	Mix
MP_mix_117	Mix
MP_mix_12	Mix
MP_mix_121	Mix
MP_mix_123	Mix
MP_mix_124	Mix
MP_mix_126	Mix
MP_mix_127	Mix
MP_mix_128	Mix
MP_mix_134	Mix
MP_mix_136	Mix
MP_mix_137	Mix
MP_mix_138	Mix
MP_mix_139	Mix
MP_mix_142	Mix
MP_mix_143	Mix
MP_mix_145	Mix
MP_mix_147	Mix
MP_mix_15	Mix
MP_mix_150	Mix
MP_mix_151	Mix
MP_mix_152	Mix
MP_mix_154	Mix
MP_mix_158	Mix
MP_mix_16	Mix
MP_mix_160	Mix
MP_mix_161	Mix
MP_mix_162	Mix
MP_mix_164	Mix
MP_mix_165	Mix
MP_mix_166	Mix
MP_mix_167	Mix
MP_mix_168	Mix
MP_mix_169	Mix
MP_mix_170	Mix
MP_mix_171	Mix
MP_mix_172	Mix
MP_mix_175	Mix
MP_mix_178	Mix
MP_mix_179	Mix
MP_mix_18	Mix
MP_mix_181	Mix
MP_mix_182	Mix
MP_mix_183	Mix
MP_mix_188	Mix
MP_mix_19	Mix
MP_mix_191	Mix
MP_mix_195	Mix
MP_mix_197	Mix
MP_mix_198	Mix
MP_mix_199	Mix
MP_mix_2	Mix
MP_mix_200	Mix
MP_mix_201	Mix
MP_mix_202	Mix
MP_mix_205	Mix
MP_mix_207	Mix
MP_mix_208	Mix
MP_mix_21	Mix
MP_mix_211	Mix
MP_mix_212	Mix
MP_mix_215	Mix
MP_mix_220	Mix
MP_mix_221	Mix
MP_mix_222	Mix
MP_mix_223	Mix
MP_mix_224	Mix
MP_mix_226	Mix
MP_mix_227	Mix
MP_mix_228	Mix
MP_mix_229	Mix
MP_mix_23	Mix
MP_mix_230	Mix
MP_mix_231	Mix
MP_mix_233	Mix
MP_mix_235	Mix
MP_mix_238	Mix
MP_mix_24	Mix
MP_mix_240	Mix
MP_mix_241	Mix
MP_mix_244	Mix
MP_mix_246	Mix
MP_mix_247	Mix
MP_mix_25	Mix
MP_mix_253	Mix
MP_mix_255	Mix
MP_mix_258	Mix
MP_mix_260	Mix
MP_mix_262	Mix
MP_mix_263	Mix
MP_mix_266	Mix
MP_mix_273	Mix
MP_mix_274	Mix
MP_mix_275	Mix
MP_mix_277	Mix
MP_mix_278	Mix
MP_mix_29	Mix
MP_mix_32	Mix
MP_mix_34	Mix
MP_mix_36	Mix
MP_mix_39	Mix
MP_mix_40	Mix
MP_mix_41	Mix
MP_mix_42	Mix
MP_mix_45	Mix
MP_mix_46	Mix
MP_mix_49	Mix
MP_mix_5	Mix
MP_mix_52	Mix
MP_mix_54	Mix
MP_mix_55	Mix
MP_mix_57	Mix
MP_mix_59	Mix
MP_mix_60	Mix
MP_mix_61	Mix
MP_mix_62	Mix
MP_mix_63	Mix
MP_mix_64	Mix
MP_mix_65	Mix
MP_mix_66	Mix
MP_mix_67	Mix
MP_mix_69	Mix
MP_mix_7	Mix
MP_mix_70	Mix
MP_mix_74	Mix
MP_mix_75	Mix
MP_mix_76	Mix
MP_mix_77	Mix
MP_mix_79	Mix
MP_mix_82	Mix
MP_mix_84	Mix
MP_mix_87	Mix
MP_mix_89	Mix
MP_mix_91	Mix
MP_mix_92	Mix
MP_mix_93	Mix
MP_mix_95	Mix
MP_mix_96	Mix
MP_mix_97	Mix
nutch_phase0_core0_4T	Cloudsuite
nutch_phase0_core1_4T	Cloudsuite
nutch_phase0_core2_4T	Cloudsuite
nutch_phase0_core3_4T	Cloudsuite
nutch_phase1_core0_4T	Cloudsuite
nutch_phase1_core1_4T	Cloudsuite
nutch_phase1_core2_4T	Cloudsuite
nutch_phase1_core3_4T	Cloudsuite
nutch_phase3_core0_4T	Cloudsuite
nutch_phase3_core1_4T	Cloudsuite
nutch_phase3_core2_4T	Cloudsuite
nutch_phase3_core3_4T	Cloudsuite
nutch_phase4_core0_4T	Cloudsuite
nutch_phase4_core1_4T	Cloudsuite
nutch_phase4_core2_4T	Cloudsuite
nutch_phase4_core3_4T	Cloudsuite
parsec_2.1.canneal.simlarge.prebuilt.drop_1250M.length_250M_4T	PARSEC
parsec_2.1.canneal.simlarge.prebuilt.drop_3000M.length_250M_4T	PARSEC
parsec_2.1.canneal.simlarge.prebuilt.drop_4500M.length_250M_4T	PARSEC
parsec_2.1.canneal.simlarge.prebuilt.drop_4750M.length_250M_4T	PARSEC
parsec_2.1.canneal.simlarge.prebuilt.drop_500M.length_250M_4T	PARSEC
parsec_2.1.facesim.simlarge.prebuilt.drop_1500M.length_250M_4T	PARSEC
parsec_2.1.fluidanimate.simlarge.prebuilt.drop_9500M.length_250M_4T	PARSEC
parsec_2.1.raytrace.simlarge.prebuilt.drop_23500M.length_250M_4T	PARSEC
parsec_2.1.raytrace.simlarge.prebuilt.drop_23750M.length_250M_4T	PARSEC
parsec_2.1.streamcluster.simlarge.prebuilt.drop_0M.length_250M_4T	PARSEC
parsec_2.1.streamcluster.simlarge.prebuilt.drop_14750M.length_250M_4T	PARSEC
streaming_phase0_core1_4T	Cloudsuite
streaming_phase1_core0_4T	Cloudsuite
streaming_phase1_core1_4T	Cloudsuite
streaming_phase1_core3_4T	Cloudsuite
streaming_phase2_core0_4T	Cloudsuite
streaming_phase2_core1_4T	Cloudsuite
streaming_phase2_core2_4T	Cloudsuite
streaming_phase2_core3_4T	Cloudsuite
streaming_phase3_core0_4T	Cloudsuite
streaming_phase3_core1_4T	Cloudsuite
streaming_phase3_core3_4T	Cloudsuite
streaming_phase4_core0_4T	Cloudsuite
streaming_phase4_core1_4T	Cloudsuite
streaming_phase4_core3_4T	Cloudsuite
streaming_phase5_core0_4T	Cloudsuite
streaming_phase5_core1_4T	Cloudsuite
