Trace,Exp,Core_0_IPC,Core_1_IPC,Core_2_IPC,Core_3_IPC,Filter
403.gcc-16B_4T,nopref,1.37814,1.37828,1.37819,1.37828,1
403.gcc-16B_4T,spp,1.38186,1.3825,1.38184,1.38251,1
403.gcc-16B_4T,bingo,1.39624,1.3982,1.39639,1.39817,1
403.gcc-16B_4T,mlop,1.39153,1.39346,1.39243,1.39346,1
403.gcc-16B_4T,pythia,1.39337,1.39548,1.39336,1.39547,1
410.bwaves-1963B_4T,nopref,0.5874,0.58642,0.58687,0.5862,1
410.bwaves-1963B_4T,spp,1.09439,1.09518,1.09421,1.09443,1
410.bwaves-1963B_4T,bingo,0.988,0.98839,0.98779,0.98741,1
410.bwaves-1963B_4T,mlop,1.12403,1.12418,1.12483,1.12434,1
410.bwaves-1963B_4T,pythia,1.15085,1.15097,1.15132,1.15112,1
429.mcf-184B_4T,nopref,0.08794,0.08794,0.08796,0.08794,1
429.mcf-184B_4T,spp,0.08423,0.08422,0.08421,0.08421,1
429.mcf-184B_4T,bingo,0.0486,0.04815,0.04754,0.04831,1
429.mcf-184B_4T,mlop,0.07949,0.07825,0.07997,0.07864,1
429.mcf-184B_4T,pythia,0.08496,0.08496,0.08496,0.08518,1
429.mcf-192B_4T,nopref,0.08362,0.08362,0.08361,0.08363,1
429.mcf-192B_4T,spp,0.08351,0.08353,0.08351,0.08353,1
429.mcf-192B_4T,bingo,0.03852,0.03822,0.03814,0.03816,1
429.mcf-192B_4T,mlop,0.0879,0.08829,0.0878,0.08802,1
429.mcf-192B_4T,pythia,0.08637,0.08633,0.08633,0.08636,1
429.mcf-51B_4T,nopref,0.10596,0.10596,0.10584,0.10499,1
429.mcf-51B_4T,spp,0.10234,0.10249,0.10143,0.10178,1
429.mcf-51B_4T,bingo,0.05799,0.05804,0.05818,0.05779,1
429.mcf-51B_4T,mlop,0.0921,0.09204,0.09123,0.09113,1
429.mcf-51B_4T,pythia,0.10135,0.10131,0.10059,0.10131,1
433.milc-127B_4T,nopref,0.26385,0.26552,0.26381,0.26553,1
433.milc-127B_4T,spp,0.30594,0.28987,0.32546,0.29464,1
433.milc-127B_4T,bingo,0.28286,0.28276,0.2845,0.28388,1
433.milc-127B_4T,mlop,0.29555,0.29571,0.297,0.29451,1
433.milc-127B_4T,pythia,0.34407,0.35111,0.34379,0.35106,1
436.cactusADM-1804B_4T,nopref,0.3645,0.36441,0.36475,0.36451,1
436.cactusADM-1804B_4T,spp,0.39292,0.39291,0.39313,0.393,1
436.cactusADM-1804B_4T,bingo,0.39224,0.39236,0.39211,0.3924,1
436.cactusADM-1804B_4T,mlop,0.38089,0.38109,0.38098,0.38047,1
436.cactusADM-1804B_4T,pythia,0.39697,0.39698,0.39711,0.3972,1
437.leslie3d-149B_4T,nopref,0.49763,0.4975,0.49715,0.49714,1
437.leslie3d-149B_4T,spp,0.92594,0.92588,0.92656,0.9225,1
437.leslie3d-149B_4T,bingo,0.93755,0.94093,0.93783,0.94155,1
437.leslie3d-149B_4T,mlop,0.93956,0.94011,0.9397,0.93959,1
437.leslie3d-149B_4T,pythia,0.91205,0.9151,0.91471,0.91515,1
437.leslie3d-232B_4T,nopref,0.52014,0.5194,0.52021,0.51891,1
437.leslie3d-232B_4T,spp,1.0053,1.00495,1.00545,1.00453,1
437.leslie3d-232B_4T,bingo,0.98022,0.97769,0.98,0.98132,1
437.leslie3d-232B_4T,mlop,0.92529,0.92005,0.91995,0.92164,1
437.leslie3d-232B_4T,pythia,1.03298,1.03367,1.03198,1.03394,1
437.leslie3d-265B_4T,nopref,0.59183,0.59162,0.59269,0.59169,1
437.leslie3d-265B_4T,spp,1.1048,1.10386,1.10479,1.10516,1
437.leslie3d-265B_4T,bingo,1.08926,1.0903,1.09068,1.08762,1
437.leslie3d-265B_4T,mlop,1.08709,1.08702,1.08458,1.08586,1
437.leslie3d-265B_4T,pythia,1.12226,1.12308,1.12164,1.12309,1
437.leslie3d-271B_4T,nopref,0.51049,0.51011,0.51011,0.51002,1
437.leslie3d-271B_4T,spp,1.06272,1.06386,1.06182,1.06362,1
437.leslie3d-271B_4T,bingo,1.0289,1.03094,1.02623,1.02916,1
437.leslie3d-271B_4T,mlop,0.9405,0.93589,0.93959,0.93327,1
437.leslie3d-271B_4T,pythia,1.06531,1.06507,1.06587,1.06281,1
445.gobmk-30B_4T,nopref,0.34761,0.34762,0.34776,0.34803,1
445.gobmk-30B_4T,spp,0.34907,0.34895,0.34859,0.34863,1
445.gobmk-30B_4T,bingo,0.34985,0.35022,0.3503,0.34985,1
445.gobmk-30B_4T,mlop,0.3492,0.34921,0.34961,0.34947,1
445.gobmk-30B_4T,pythia,0.34983,0.3497,0.34951,0.3495,1
445.gobmk-36B_4T,nopref,0.37324,0.37324,0.37323,0.37324,1
445.gobmk-36B_4T,spp,0.37481,0.37481,0.37481,0.37481,1
445.gobmk-36B_4T,bingo,0.37647,0.37647,0.37647,0.37647,1
445.gobmk-36B_4T,mlop,0.37539,0.37539,0.37538,0.37538,1
445.gobmk-36B_4T,pythia,0.37656,0.37656,0.37656,0.37656,1
450.soplex-247B_4T,nopref,0.22192,0.22173,0.22177,0.22189,1
450.soplex-247B_4T,spp,0.24794,0.24785,0.24795,0.24802,1
450.soplex-247B_4T,bingo,0.2596,0.25924,0.25935,0.26673,1
450.soplex-247B_4T,mlop,0.23795,0.23787,0.23779,0.23789,1
450.soplex-247B_4T,pythia,0.28662,0.28645,0.28546,0.28635,1
459.GemsFDTD-1211B_4T,nopref,0.4572,0.45746,0.45725,0.45684,1
459.GemsFDTD-1211B_4T,spp,0.58311,0.58383,0.58397,0.59986,1
459.GemsFDTD-1211B_4T,bingo,0.6024,0.60241,0.60233,0.6023,1
459.GemsFDTD-1211B_4T,mlop,0.62402,0.62383,0.6243,0.62398,1
459.GemsFDTD-1211B_4T,pythia,0.59808,0.59814,0.59772,0.59785,1
459.GemsFDTD-1418B_4T,nopref,0.52731,0.52737,0.52777,0.52687,1
459.GemsFDTD-1418B_4T,spp,0.72662,0.72675,0.72649,0.72663,1
459.GemsFDTD-1418B_4T,bingo,0.71513,0.71516,0.7151,0.71414,1
459.GemsFDTD-1418B_4T,mlop,0.74122,0.74158,0.74135,0.74146,1
459.GemsFDTD-1418B_4T,pythia,0.74106,0.74085,0.74097,0.74097,1
459.GemsFDTD-765B_4T,nopref,0.42423,0.4243,0.425,0.42513,1
459.GemsFDTD-765B_4T,spp,0.52108,0.52118,0.52151,0.52117,1
459.GemsFDTD-765B_4T,bingo,0.52785,0.52813,0.52812,0.52805,1
459.GemsFDTD-765B_4T,mlop,0.52705,0.52714,0.52642,0.52729,1
459.GemsFDTD-765B_4T,pythia,0.50985,0.50907,0.5101,0.51009,1
462.libquantum-1343B_4T,nopref,0.28125,0.28171,0.28124,0.28183,1
462.libquantum-1343B_4T,spp,0.53478,0.53621,0.53435,0.53599,1
462.libquantum-1343B_4T,bingo,0.71966,0.71759,0.71669,0.71712,1
462.libquantum-1343B_4T,mlop,0.65299,0.6543,0.65747,0.65723,1
462.libquantum-1343B_4T,pythia,0.54528,0.54941,0.54496,0.54939,1
462.libquantum-714B_4T,nopref,0.31371,0.31331,0.31388,0.31264,1
462.libquantum-714B_4T,spp,0.43393,0.42906,0.42773,0.43422,1
462.libquantum-714B_4T,bingo,0.5564,0.5565,0.55245,0.55402,1
462.libquantum-714B_4T,mlop,0.51597,0.51719,0.51617,0.51723,1
462.libquantum-714B_4T,pythia,0.46186,0.46542,0.46606,0.46141,1
470.lbm-1274B_4T,nopref,0.30335,0.30321,0.3035,0.30354,1
470.lbm-1274B_4T,spp,0.32945,0.33028,0.33013,0.32949,1
470.lbm-1274B_4T,bingo,0.34404,0.3467,0.34702,0.34581,1
470.lbm-1274B_4T,mlop,0.33296,0.33383,0.33382,0.33568,1
470.lbm-1274B_4T,pythia,0.34241,0.3366,0.33775,0.34234,1
471.omnetpp-188B_4T,nopref,0.23656,0.23658,0.23671,0.23675,1
471.omnetpp-188B_4T,spp,0.24572,0.24578,0.24613,0.2459,1
471.omnetpp-188B_4T,bingo,0.26187,0.262,0.26177,0.26157,1
471.omnetpp-188B_4T,mlop,0.2334,0.23315,0.23318,0.23359,1
471.omnetpp-188B_4T,pythia,0.24767,0.24739,0.2472,0.24726,1
473.astar-359B_4T,nopref,0.11459,0.11458,0.11458,0.11457,1
473.astar-359B_4T,spp,0.11376,0.11383,0.11375,0.11375,1
473.astar-359B_4T,bingo,0.10986,0.10986,0.11,0.10993,1
473.astar-359B_4T,mlop,0.1168,0.1168,0.11679,0.1168,1
473.astar-359B_4T,pythia,0.12138,0.12138,0.12138,0.12138,1
481.wrf-1254B_4T,nopref,0.77872,0.77588,0.77863,0.76842,1
481.wrf-1254B_4T,spp,1.35544,1.343,1.34438,1.35107,1
481.wrf-1254B_4T,bingo,1.49627,1.49569,1.49707,1.49556,1
481.wrf-1254B_4T,mlop,1.42373,1.41935,1.41113,1.42346,1
481.wrf-1254B_4T,pythia,1.48816,1.48771,1.486,1.48494,1
481.wrf-196B_4T,nopref,0.84133,0.84328,0.83992,0.8363,1
481.wrf-196B_4T,spp,1.54487,1.54358,1.54355,1.54585,1
481.wrf-196B_4T,bingo,1.51619,1.51619,1.51793,1.52118,1
481.wrf-196B_4T,mlop,1.59552,1.60086,1.5958,1.59661,1
481.wrf-196B_4T,pythia,1.60538,1.6043,1.60346,1.60436,1
481.wrf-816B_4T,nopref,0.55771,0.55771,0.55549,0.55622,1
481.wrf-816B_4T,spp,1.01324,1.01022,1.013,1.01205,1
481.wrf-816B_4T,bingo,0.97778,0.97632,0.97644,0.97776,1
481.wrf-816B_4T,mlop,1.03401,1.03344,1.03469,1.03818,1
481.wrf-816B_4T,pythia,0.99532,0.99361,0.99599,0.99416,1
482.sphinx3-1297B_4T,nopref,0.62667,0.62633,0.62048,0.63243,1
482.sphinx3-1297B_4T,spp,0.78445,0.78462,0.78522,0.78509,1
482.sphinx3-1297B_4T,bingo,0.9388,0.91193,0.94452,0.97644,1
482.sphinx3-1297B_4T,mlop,0.84312,0.85117,0.84568,0.86673,1
482.sphinx3-1297B_4T,pythia,1.00724,1.00426,1.00251,1.00364,1
482.sphinx3-1395B_4T,nopref,0.82001,0.81993,0.82484,0.82191,1
482.sphinx3-1395B_4T,spp,1.05212,1.05464,1.05456,1.05292,1
482.sphinx3-1395B_4T,bingo,1.25535,1.25912,1.25932,1.25569,1
482.sphinx3-1395B_4T,mlop,0.91307,1.01659,0.92174,0.92361,1
482.sphinx3-1395B_4T,pythia,1.18291,1.18375,1.17934,1.17808,1
483.xalancbmk-127B_4T,nopref,0.22505,0.22538,0.22535,0.22491,1
483.xalancbmk-127B_4T,spp,0.22927,0.22397,0.22414,0.22927,1
483.xalancbmk-127B_4T,bingo,0.2612,0.26128,0.26105,0.26173,1
483.xalancbmk-127B_4T,mlop,0.25004,0.25018,0.25027,0.25037,1
483.xalancbmk-127B_4T,pythia,0.26821,0.26613,0.26747,0.26626,1
602.gcc_s-1850B_4T,nopref,0.22731,0.22739,0.22736,0.22726,1
602.gcc_s-1850B_4T,spp,0.35793,0.35799,0.35799,0.35791,1
602.gcc_s-1850B_4T,bingo,0.37628,0.37627,0.37625,0.3762,1
602.gcc_s-1850B_4T,mlop,0.38251,0.38234,0.38233,0.38237,1
602.gcc_s-1850B_4T,pythia,0.37581,0.37578,0.37583,0.37576,1
602.gcc_s-734B_4T,nopref,0.26392,0.26518,0.26523,0.26361,1
602.gcc_s-734B_4T,spp,0.40273,0.4038,0.40291,0.40381,1
602.gcc_s-734B_4T,bingo,0.41315,0.41268,0.41227,0.41321,1
602.gcc_s-734B_4T,mlop,0.41717,0.41746,0.41745,0.41739,1
602.gcc_s-734B_4T,pythia,0.41399,0.41399,0.41358,0.41337,1
603.bwaves_s-2931B_4T,nopref,0.51853,0.51827,0.51821,0.51789,1
603.bwaves_s-2931B_4T,spp,1.0325,1.03383,1.03598,1.03595,1
603.bwaves_s-2931B_4T,bingo,0.89574,0.89732,0.89789,0.89276,1
603.bwaves_s-2931B_4T,mlop,0.92812,0.91335,0.92326,0.92693,1
603.bwaves_s-2931B_4T,pythia,1.01218,1.00815,1.0119,1.01252,1
605.mcf_s-994B_4T,nopref,0.22216,0.22221,0.22224,0.22221,1
605.mcf_s-994B_4T,spp,0.22448,0.22447,0.22451,0.22448,1
605.mcf_s-994B_4T,bingo,0.15678,0.15808,0.15941,0.15647,1
605.mcf_s-994B_4T,mlop,0.21716,0.21722,0.21716,0.21719,1
605.mcf_s-994B_4T,pythia,0.22304,0.22309,0.22307,0.22305,1
607.cactuBSSN_s-2421B_4T,nopref,0.90258,0.9005,0.90498,0.90025,1
607.cactuBSSN_s-2421B_4T,spp,1.13287,1.12606,1.13135,1.12863,1
607.cactuBSSN_s-2421B_4T,bingo,0.92004,0.91246,0.91806,0.91771,1
607.cactuBSSN_s-2421B_4T,mlop,1.2728,1.2749,1.27487,1.27383,1
607.cactuBSSN_s-2421B_4T,pythia,1.23788,1.23636,1.23773,1.23825,1
619.lbm_s-2677B_4T,nopref,0.1795,0.17955,0.17953,0.17937,1
619.lbm_s-2677B_4T,spp,0.19394,0.19383,0.19391,0.19339,1
619.lbm_s-2677B_4T,bingo,0.19359,0.19375,0.19353,0.19365,1
619.lbm_s-2677B_4T,mlop,0.19364,0.19433,0.19467,0.19354,1
619.lbm_s-2677B_4T,pythia,0.1923,0.19239,0.19145,0.19244,1
619.lbm_s-3766B_4T,nopref,0.23222,0.23203,0.23238,0.23227,1
619.lbm_s-3766B_4T,spp,0.25755,0.25669,0.25652,0.25764,1
619.lbm_s-3766B_4T,bingo,0.25745,0.25771,0.25735,0.25621,1
619.lbm_s-3766B_4T,mlop,0.25743,0.25745,0.25772,0.25785,1
619.lbm_s-3766B_4T,pythia,0.25432,0.25382,0.25592,0.25479,1
619.lbm_s-4268B_4T,nopref,0.17862,0.17883,0.17852,0.17849,1
619.lbm_s-4268B_4T,spp,0.1931,0.19234,0.19213,0.19319,1
619.lbm_s-4268B_4T,bingo,0.19296,0.19228,0.1929,0.19221,1
619.lbm_s-4268B_4T,mlop,0.19152,0.19337,0.19218,0.19361,1
619.lbm_s-4268B_4T,pythia,0.19169,0.1915,0.19152,0.18966,1
620.omnetpp_s-141B_4T,nopref,0.22677,0.22695,0.22677,0.22695,1
620.omnetpp_s-141B_4T,spp,0.22672,0.22754,0.22668,0.22754,1
620.omnetpp_s-141B_4T,bingo,0.23354,0.23354,0.23353,0.23353,1
620.omnetpp_s-141B_4T,mlop,0.22812,0.2282,0.22814,0.2282,1
620.omnetpp_s-141B_4T,pythia,0.23256,0.23258,0.23243,0.23243,1
620.omnetpp_s-874B_4T,nopref,0.23702,0.23634,0.23644,0.23702,1
620.omnetpp_s-874B_4T,spp,0.23722,0.23817,0.2372,0.23817,1
620.omnetpp_s-874B_4T,bingo,0.24534,0.24533,0.24533,0.24534,1
620.omnetpp_s-874B_4T,mlop,0.23801,0.23798,0.23804,0.23798,1
620.omnetpp_s-874B_4T,pythia,0.24301,0.24298,0.24302,0.24288,1
621.wrf_s-6673B_4T,nopref,0.5135,0.51966,0.51982,0.52015,1
621.wrf_s-6673B_4T,spp,0.74681,0.75887,0.76535,0.7505,1
621.wrf_s-6673B_4T,bingo,0.81864,0.83044,0.82347,0.82218,1
621.wrf_s-6673B_4T,mlop,0.74078,0.75268,0.73212,0.75772,1
621.wrf_s-6673B_4T,pythia,0.78871,0.78344,0.78015,0.78614,1
621.wrf_s-8065B_4T,nopref,0.63497,0.65097,0.64148,0.65824,1
621.wrf_s-8065B_4T,spp,0.82645,0.82807,0.82525,0.82868,1
621.wrf_s-8065B_4T,bingo,0.83982,0.8379,0.84004,0.84053,1
621.wrf_s-8065B_4T,mlop,0.79347,0.79195,0.78333,0.78927,1
621.wrf_s-8065B_4T,pythia,0.85148,0.85022,0.84581,0.84351,1
623.xalancbmk_s-10B_4T,nopref,0.27517,0.27533,0.27415,0.27866,1
623.xalancbmk_s-10B_4T,spp,0.26835,0.26807,0.27098,0.26853,1
623.xalancbmk_s-10B_4T,bingo,0.22492,0.22493,0.22488,0.2253,1
623.xalancbmk_s-10B_4T,mlop,0.2505,0.25079,0.25052,0.25062,1
623.xalancbmk_s-10B_4T,pythia,0.28852,0.28428,0.28417,0.28711,1
623.xalancbmk_s-592B_4T,nopref,0.41238,0.41389,0.41095,0.41219,1
623.xalancbmk_s-592B_4T,spp,0.41016,0.41263,0.41038,0.41501,1
623.xalancbmk_s-592B_4T,bingo,0.42013,0.41977,0.41929,0.41948,1
623.xalancbmk_s-592B_4T,mlop,0.41381,0.41237,0.41376,0.41108,1
623.xalancbmk_s-592B_4T,pythia,0.40052,0.39966,0.3987,0.40024,1
627.cam4_s-573B_4T,nopref,0.66691,0.67654,0.66818,0.66725,1
627.cam4_s-573B_4T,spp,0.6762,0.67272,0.67789,0.67245,1
627.cam4_s-573B_4T,bingo,0.6693,0.6788,0.6751,0.66934,1
627.cam4_s-573B_4T,mlop,0.67868,0.67288,0.67504,0.67281,1
627.cam4_s-573B_4T,pythia,0.68037,0.68435,0.67585,0.67578,1
628.pop2_s-17B_4T,nopref,0.92765,0.92682,0.92691,0.92679,1
628.pop2_s-17B_4T,spp,1.07155,1.07171,1.07161,1.07958,1
628.pop2_s-17B_4T,bingo,1.08615,1.08472,1.09798,1.08493,1
628.pop2_s-17B_4T,mlop,1.07143,1.07159,1.07431,1.07254,1
628.pop2_s-17B_4T,pythia,1.10307,1.10223,1.10278,1.11621,1
649.fotonik3d_s-10881B_4T,nopref,0.34721,0.34714,0.34741,0.34724,1
649.fotonik3d_s-10881B_4T,spp,0.4429,0.44302,0.42995,0.42852,1
649.fotonik3d_s-10881B_4T,bingo,0.46754,0.46752,0.46787,0.46787,1
649.fotonik3d_s-10881B_4T,mlop,0.46974,0.46969,0.4698,0.46983,1
649.fotonik3d_s-10881B_4T,pythia,0.42986,0.42978,0.43025,0.42978,1
654.roms_s-1007B_4T,nopref,0.46088,0.46056,0.46088,0.45978,1
654.roms_s-1007B_4T,spp,0.56218,0.56313,0.56312,0.56192,1
654.roms_s-1007B_4T,bingo,0.55256,0.55417,0.55304,0.55465,1
654.roms_s-1007B_4T,mlop,0.56493,0.56512,0.56588,0.56585,1
654.roms_s-1007B_4T,pythia,0.55488,0.55675,0.5567,0.55568,1
ligra_BC.com-lj.ungraph.gcc_6.3.0_O3.drop_26750M.length_250M_4T,nopref,0.19641,0.19607,0.19521,0.19477,1
ligra_BC.com-lj.ungraph.gcc_6.3.0_O3.drop_26750M.length_250M_4T,spp,0.20216,0.20147,0.20225,0.20254,1
ligra_BC.com-lj.ungraph.gcc_6.3.0_O3.drop_26750M.length_250M_4T,bingo,0.1686,0.17032,0.17003,0.16866,1
ligra_BC.com-lj.ungraph.gcc_6.3.0_O3.drop_26750M.length_250M_4T,mlop,0.16218,0.16175,0.16151,0.1613,1
ligra_BC.com-lj.ungraph.gcc_6.3.0_O3.drop_26750M.length_250M_4T,pythia,0.22593,0.2255,0.22323,0.2234,1
ligra_BC.com-lj.ungraph.gcc_6.3.0_O3.drop_3500M.length_250M_4T,nopref,0.96391,0.96343,0.96457,0.96422,1
ligra_BC.com-lj.ungraph.gcc_6.3.0_O3.drop_3500M.length_250M_4T,spp,1.36025,1.3604,1.36014,1.36036,1
ligra_BC.com-lj.ungraph.gcc_6.3.0_O3.drop_3500M.length_250M_4T,bingo,1.36637,1.36642,1.36646,1.36646,1
ligra_BC.com-lj.ungraph.gcc_6.3.0_O3.drop_3500M.length_250M_4T,mlop,1.37629,1.37629,1.37626,1.37633,1
ligra_BC.com-lj.ungraph.gcc_6.3.0_O3.drop_3500M.length_250M_4T,pythia,1.37605,1.37605,1.37605,1.37605,1
ligra_BC.com-lj.ungraph.gcc_6.3.0_O3.drop_500M.length_250M_4T,nopref,0.90505,0.90505,0.90418,0.90539,1
ligra_BC.com-lj.ungraph.gcc_6.3.0_O3.drop_500M.length_250M_4T,spp,1.26157,1.26158,1.26176,1.2617,1
ligra_BC.com-lj.ungraph.gcc_6.3.0_O3.drop_500M.length_250M_4T,bingo,1.25457,1.25456,1.25456,1.25457,1
ligra_BC.com-lj.ungraph.gcc_6.3.0_O3.drop_500M.length_250M_4T,mlop,1.2626,1.26257,1.26255,1.2626,1
ligra_BC.com-lj.ungraph.gcc_6.3.0_O3.drop_500M.length_250M_4T,pythia,1.26242,1.26242,1.26242,1.26242,1
ligra_BellmanFord.com-lj.ungraph.gcc_6.3.0_O3.drop_1750M.length_250M_4T,nopref,0.82204,0.82189,0.82185,0.82212,1
ligra_BellmanFord.com-lj.ungraph.gcc_6.3.0_O3.drop_1750M.length_250M_4T,spp,1.08425,1.08442,1.08427,1.08432,1
ligra_BellmanFord.com-lj.ungraph.gcc_6.3.0_O3.drop_1750M.length_250M_4T,bingo,1.07962,1.07965,1.07965,1.07964,1
ligra_BellmanFord.com-lj.ungraph.gcc_6.3.0_O3.drop_1750M.length_250M_4T,mlop,1.08525,1.08518,1.08526,1.08525,1
ligra_BellmanFord.com-lj.ungraph.gcc_6.3.0_O3.drop_1750M.length_250M_4T,pythia,1.08515,1.08514,1.08514,1.08515,1
ligra_BellmanFord.com-lj.ungraph.gcc_6.3.0_O3.drop_4000M.length_250M_4T,nopref,0.9623,0.96342,0.96236,0.96313,1
ligra_BellmanFord.com-lj.ungraph.gcc_6.3.0_O3.drop_4000M.length_250M_4T,spp,1.36102,1.36112,1.36087,1.36099,1
ligra_BellmanFord.com-lj.ungraph.gcc_6.3.0_O3.drop_4000M.length_250M_4T,bingo,1.36678,1.36677,1.36677,1.36669,1
ligra_BellmanFord.com-lj.ungraph.gcc_6.3.0_O3.drop_4000M.length_250M_4T,mlop,1.37679,1.37679,1.37682,1.37686,1
ligra_BellmanFord.com-lj.ungraph.gcc_6.3.0_O3.drop_4000M.length_250M_4T,pythia,1.37648,1.37649,1.37648,1.3765,1
ligra_BellmanFord.com-lj.ungraph.gcc_6.3.0_O3.drop_7500M.length_250M_4T,nopref,0.5085,0.5085,0.50852,0.5085,1
ligra_BellmanFord.com-lj.ungraph.gcc_6.3.0_O3.drop_7500M.length_250M_4T,spp,0.68617,0.68614,0.68609,0.68614,1
ligra_BellmanFord.com-lj.ungraph.gcc_6.3.0_O3.drop_7500M.length_250M_4T,bingo,0.68939,0.68946,0.68936,0.68935,1
ligra_BellmanFord.com-lj.ungraph.gcc_6.3.0_O3.drop_7500M.length_250M_4T,mlop,0.69366,0.69373,0.69378,0.69381,1
ligra_BellmanFord.com-lj.ungraph.gcc_6.3.0_O3.drop_7500M.length_250M_4T,pythia,0.69479,0.69482,0.69476,0.69472,1
ligra_BFS-Bitvector.com-lj.ungraph.gcc_6.3.0_O3.drop_23000M.length_250M_4T,nopref,0.43243,0.43169,0.43076,0.43282,1
ligra_BFS-Bitvector.com-lj.ungraph.gcc_6.3.0_O3.drop_23000M.length_250M_4T,spp,0.43996,0.44113,0.44029,0.43939,1
ligra_BFS-Bitvector.com-lj.ungraph.gcc_6.3.0_O3.drop_23000M.length_250M_4T,bingo,0.41141,0.41064,0.4123,0.41812,1
ligra_BFS-Bitvector.com-lj.ungraph.gcc_6.3.0_O3.drop_23000M.length_250M_4T,mlop,0.45546,0.45634,0.45637,0.4561,1
ligra_BFS-Bitvector.com-lj.ungraph.gcc_6.3.0_O3.drop_23000M.length_250M_4T,pythia,0.5349,0.53446,0.53387,0.53509,1
ligra_BFS-Bitvector.com-lj.ungraph.gcc_6.3.0_O3.drop_2500M.length_250M_4T,nopref,1.02278,1.02254,1.0218,1.02193,1
ligra_BFS-Bitvector.com-lj.ungraph.gcc_6.3.0_O3.drop_2500M.length_250M_4T,spp,1.50098,1.50113,1.50116,1.50108,1
ligra_BFS-Bitvector.com-lj.ungraph.gcc_6.3.0_O3.drop_2500M.length_250M_4T,bingo,1.50611,1.5062,1.50615,1.50612,1
ligra_BFS-Bitvector.com-lj.ungraph.gcc_6.3.0_O3.drop_2500M.length_250M_4T,mlop,1.51825,1.51817,1.51826,1.51831,1
ligra_BFS-Bitvector.com-lj.ungraph.gcc_6.3.0_O3.drop_2500M.length_250M_4T,pythia,1.51802,1.51802,1.51803,1.51803,1
ligra_BFSCC.com-lj.ungraph.gcc_6.3.0_O3.drop_22000M.length_250M_4T,nopref,0.27704,0.27637,0.27807,0.27802,1
ligra_BFSCC.com-lj.ungraph.gcc_6.3.0_O3.drop_22000M.length_250M_4T,spp,0.29524,0.29571,0.2952,0.29537,1
ligra_BFSCC.com-lj.ungraph.gcc_6.3.0_O3.drop_22000M.length_250M_4T,bingo,0.37433,0.37448,0.37598,0.37661,1
ligra_BFSCC.com-lj.ungraph.gcc_6.3.0_O3.drop_22000M.length_250M_4T,mlop,0.31207,0.31256,0.31253,0.31268,1
ligra_BFSCC.com-lj.ungraph.gcc_6.3.0_O3.drop_22000M.length_250M_4T,pythia,0.3938,0.39414,0.39345,0.39335,1
ligra_BFSCC.com-lj.ungraph.gcc_6.3.0_O3.drop_3500M.length_250M_4T,nopref,0.96657,0.96462,0.96437,0.96467,1
ligra_BFSCC.com-lj.ungraph.gcc_6.3.0_O3.drop_3500M.length_250M_4T,spp,1.36025,1.36043,1.3603,1.36048,1
ligra_BFSCC.com-lj.ungraph.gcc_6.3.0_O3.drop_3500M.length_250M_4T,bingo,1.36665,1.36668,1.36662,1.36673,1
ligra_BFSCC.com-lj.ungraph.gcc_6.3.0_O3.drop_3500M.length_250M_4T,mlop,1.37622,1.37619,1.37615,1.37625,1
ligra_BFSCC.com-lj.ungraph.gcc_6.3.0_O3.drop_3500M.length_250M_4T,pythia,1.37591,1.37591,1.37591,1.37591,1
ligra_BFSCC.com-lj.ungraph.gcc_6.3.0_O3.drop_5000M.length_250M_4T,nopref,0.67524,0.67513,0.67534,0.67494,1
ligra_BFSCC.com-lj.ungraph.gcc_6.3.0_O3.drop_5000M.length_250M_4T,spp,0.98616,0.98614,0.98619,0.98621,1
ligra_BFSCC.com-lj.ungraph.gcc_6.3.0_O3.drop_5000M.length_250M_4T,bingo,0.99157,0.99176,0.99151,0.99163,1
ligra_BFSCC.com-lj.ungraph.gcc_6.3.0_O3.drop_5000M.length_250M_4T,mlop,0.99969,0.99962,0.99972,0.99974,1
ligra_BFSCC.com-lj.ungraph.gcc_6.3.0_O3.drop_5000M.length_250M_4T,pythia,1.00099,1.00096,1.00103,1.00107,1
ligra_BFSCC.com-lj.ungraph.gcc_6.3.0_O3.drop_750M.length_250M_4T,nopref,0.88464,0.88455,0.88341,0.88479,1
ligra_BFSCC.com-lj.ungraph.gcc_6.3.0_O3.drop_750M.length_250M_4T,spp,1.21548,1.21557,1.21555,1.21555,1
ligra_BFSCC.com-lj.ungraph.gcc_6.3.0_O3.drop_750M.length_250M_4T,bingo,1.20965,1.20963,1.20963,1.20965,1
ligra_BFSCC.com-lj.ungraph.gcc_6.3.0_O3.drop_750M.length_250M_4T,mlop,1.21706,1.21702,1.21701,1.21706,1
ligra_BFSCC.com-lj.ungraph.gcc_6.3.0_O3.drop_750M.length_250M_4T,pythia,1.21689,1.21689,1.21689,1.21689,1
ligra_BFS.com-lj.ungraph.gcc_6.3.0_O3.drop_21500M.length_250M_4T,nopref,0.32861,0.32864,0.32745,0.32815,1
ligra_BFS.com-lj.ungraph.gcc_6.3.0_O3.drop_21500M.length_250M_4T,spp,0.37769,0.37556,0.37666,0.37651,1
ligra_BFS.com-lj.ungraph.gcc_6.3.0_O3.drop_21500M.length_250M_4T,bingo,0.50035,0.49838,0.50102,0.49847,1
ligra_BFS.com-lj.ungraph.gcc_6.3.0_O3.drop_21500M.length_250M_4T,mlop,0.41389,0.41216,0.41268,0.41339,1
ligra_BFS.com-lj.ungraph.gcc_6.3.0_O3.drop_21500M.length_250M_4T,pythia,0.5012,0.50807,0.50264,0.50168,1
ligra_BFS.com-lj.ungraph.gcc_6.3.0_O3.drop_3500M.length_250M_4T,nopref,0.96167,0.96101,0.96059,0.96167,1
ligra_BFS.com-lj.ungraph.gcc_6.3.0_O3.drop_3500M.length_250M_4T,spp,1.36021,1.36014,1.35964,1.36002,1
ligra_BFS.com-lj.ungraph.gcc_6.3.0_O3.drop_3500M.length_250M_4T,bingo,1.36609,1.36606,1.366,1.36617,1
ligra_BFS.com-lj.ungraph.gcc_6.3.0_O3.drop_3500M.length_250M_4T,mlop,1.37612,1.37615,1.37604,1.37628,1
ligra_BFS.com-lj.ungraph.gcc_6.3.0_O3.drop_3500M.length_250M_4T,pythia,1.37585,1.37585,1.37585,1.37585,1
ligra_BFS.com-lj.ungraph.gcc_6.3.0_O3.drop_5000M.length_250M_4T,nopref,0.67537,0.6757,0.67556,0.67575,1
ligra_BFS.com-lj.ungraph.gcc_6.3.0_O3.drop_5000M.length_250M_4T,spp,0.98644,0.98639,0.98649,0.98642,1
ligra_BFS.com-lj.ungraph.gcc_6.3.0_O3.drop_5000M.length_250M_4T,bingo,0.99171,0.99168,0.99177,0.99182,1
ligra_BFS.com-lj.ungraph.gcc_6.3.0_O3.drop_5000M.length_250M_4T,mlop,0.9998,0.9997,0.9998,0.99976,1
ligra_BFS.com-lj.ungraph.gcc_6.3.0_O3.drop_5000M.length_250M_4T,pythia,1.00104,1.00108,1.00102,1.00099,1
ligra_BFS.com-lj.ungraph.gcc_6.3.0_O3.drop_500M.length_250M_4T,nopref,0.9091,0.90898,0.9083,0.90932,1
ligra_BFS.com-lj.ungraph.gcc_6.3.0_O3.drop_500M.length_250M_4T,spp,1.27088,1.27092,1.27086,1.27104,1
ligra_BFS.com-lj.ungraph.gcc_6.3.0_O3.drop_500M.length_250M_4T,bingo,1.26386,1.26384,1.26384,1.26386,1
ligra_BFS.com-lj.ungraph.gcc_6.3.0_O3.drop_500M.length_250M_4T,mlop,1.27204,1.272,1.27199,1.27204,1
ligra_BFS.com-lj.ungraph.gcc_6.3.0_O3.drop_500M.length_250M_4T,pythia,1.27185,1.27184,1.27185,1.27185,1
ligra_CF.com-lj.ungraph.gcc_6.3.0_O3.drop_184750M.length_250M_4T,nopref,0.57299,0.5729,0.57323,0.5731,1
ligra_CF.com-lj.ungraph.gcc_6.3.0_O3.drop_184750M.length_250M_4T,spp,0.70014,0.70012,0.70064,0.70368,1
ligra_CF.com-lj.ungraph.gcc_6.3.0_O3.drop_184750M.length_250M_4T,bingo,0.61881,0.61889,0.61895,0.62158,1
ligra_CF.com-lj.ungraph.gcc_6.3.0_O3.drop_184750M.length_250M_4T,mlop,0.55879,0.55871,0.55867,0.55869,1
ligra_CF.com-lj.ungraph.gcc_6.3.0_O3.drop_184750M.length_250M_4T,pythia,0.71102,0.71096,0.71122,0.7108,1
ligra_CF.com-lj.ungraph.gcc_6.3.0_O3.drop_2500M.length_250M_4T,nopref,0.76911,0.76853,0.7691,0.76911,1
ligra_CF.com-lj.ungraph.gcc_6.3.0_O3.drop_2500M.length_250M_4T,spp,0.96268,0.96265,0.96259,0.96264,1
ligra_CF.com-lj.ungraph.gcc_6.3.0_O3.drop_2500M.length_250M_4T,bingo,0.9585,0.95846,0.95849,0.95848,1
ligra_CF.com-lj.ungraph.gcc_6.3.0_O3.drop_2500M.length_250M_4T,mlop,0.96705,0.9671,0.96709,0.96712,1
ligra_CF.com-lj.ungraph.gcc_6.3.0_O3.drop_2500M.length_250M_4T,pythia,0.96696,0.96708,0.96708,0.96704,1
ligra_Components.com-lj.ungraph.gcc_6.3.0_O3.drop_22750M.length_250M_4T,nopref,0.17869,0.1787,0.17834,0.17864,1
ligra_Components.com-lj.ungraph.gcc_6.3.0_O3.drop_22750M.length_250M_4T,spp,0.1819,0.18192,0.18187,0.182,1
ligra_Components.com-lj.ungraph.gcc_6.3.0_O3.drop_22750M.length_250M_4T,bingo,0.13379,0.13393,0.13375,0.13387,1
ligra_Components.com-lj.ungraph.gcc_6.3.0_O3.drop_22750M.length_250M_4T,mlop,0.14561,0.14494,0.14554,0.14508,1
ligra_Components.com-lj.ungraph.gcc_6.3.0_O3.drop_22750M.length_250M_4T,pythia,0.18409,0.18365,0.18481,0.1837,1
ligra_Components.com-lj.ungraph.gcc_6.3.0_O3.drop_3500M.length_250M_4T,nopref,0.96605,0.96578,0.96587,0.9669,1
ligra_Components.com-lj.ungraph.gcc_6.3.0_O3.drop_3500M.length_250M_4T,spp,1.3605,1.3603,1.36042,1.36042,1
ligra_Components.com-lj.ungraph.gcc_6.3.0_O3.drop_3500M.length_250M_4T,bingo,1.36621,1.36624,1.36613,1.36633,1
ligra_Components.com-lj.ungraph.gcc_6.3.0_O3.drop_3500M.length_250M_4T,mlop,1.37617,1.37609,1.37614,1.37621,1
ligra_Components.com-lj.ungraph.gcc_6.3.0_O3.drop_3500M.length_250M_4T,pythia,1.37582,1.37582,1.37582,1.37582,1
ligra_Components.com-lj.ungraph.gcc_6.3.0_O3.drop_750M.length_250M_4T,nopref,0.89032,0.89028,0.88952,0.89067,1
ligra_Components.com-lj.ungraph.gcc_6.3.0_O3.drop_750M.length_250M_4T,spp,1.23149,1.23149,1.23148,1.23149,1
ligra_Components.com-lj.ungraph.gcc_6.3.0_O3.drop_750M.length_250M_4T,bingo,1.22538,1.22536,1.22536,1.22538,1
ligra_Components.com-lj.ungraph.gcc_6.3.0_O3.drop_750M.length_250M_4T,mlop,1.23299,1.23296,1.23295,1.23299,1
ligra_Components.com-lj.ungraph.gcc_6.3.0_O3.drop_750M.length_250M_4T,pythia,1.23281,1.23281,1.23281,1.2328,1
ligra_Components-Shortcut.com-lj.ungraph.gcc_6.3.0_O3.drop_22000M.length_250M_4T,nopref,0.18329,0.18332,0.18332,0.18307,1
ligra_Components-Shortcut.com-lj.ungraph.gcc_6.3.0_O3.drop_22000M.length_250M_4T,spp,0.18455,0.18491,0.18465,0.18455,1
ligra_Components-Shortcut.com-lj.ungraph.gcc_6.3.0_O3.drop_22000M.length_250M_4T,bingo,0.13669,0.13681,0.1367,0.13671,1
ligra_Components-Shortcut.com-lj.ungraph.gcc_6.3.0_O3.drop_22000M.length_250M_4T,mlop,0.15294,0.15322,0.15287,0.15305,1
ligra_Components-Shortcut.com-lj.ungraph.gcc_6.3.0_O3.drop_22000M.length_250M_4T,pythia,0.18753,0.18727,0.1872,0.18726,1
ligra_Components-Shortcut.com-lj.ungraph.gcc_6.3.0_O3.drop_750M.length_250M_4T,nopref,0.88335,0.88251,0.88181,0.88255,1
ligra_Components-Shortcut.com-lj.ungraph.gcc_6.3.0_O3.drop_750M.length_250M_4T,spp,1.21555,1.21561,1.21543,1.21541,1
ligra_Components-Shortcut.com-lj.ungraph.gcc_6.3.0_O3.drop_750M.length_250M_4T,bingo,1.20963,1.20961,1.20961,1.20963,1
ligra_Components-Shortcut.com-lj.ungraph.gcc_6.3.0_O3.drop_750M.length_250M_4T,mlop,1.21703,1.21699,1.21697,1.21703,1
ligra_Components-Shortcut.com-lj.ungraph.gcc_6.3.0_O3.drop_750M.length_250M_4T,pythia,1.21686,1.21686,1.21686,1.21686,1
ligra_MIS.com-lj.ungraph.gcc_6.3.0_O3.drop_21250M.length_250M_4T,nopref,0.52519,0.52565,0.52488,0.52576,1
ligra_MIS.com-lj.ungraph.gcc_6.3.0_O3.drop_21250M.length_250M_4T,spp,0.73435,0.7363,0.73557,0.73503,1
ligra_MIS.com-lj.ungraph.gcc_6.3.0_O3.drop_21250M.length_250M_4T,bingo,0.78851,0.78604,0.7886,0.78775,1
ligra_MIS.com-lj.ungraph.gcc_6.3.0_O3.drop_21250M.length_250M_4T,mlop,0.77164,0.77255,0.77401,0.77258,1
ligra_MIS.com-lj.ungraph.gcc_6.3.0_O3.drop_21250M.length_250M_4T,pythia,0.80087,0.80049,0.80005,0.79812,1
ligra_MIS.com-lj.ungraph.gcc_6.3.0_O3.drop_3500M.length_250M_4T,nopref,0.96241,0.96156,0.96157,0.96276,1
ligra_MIS.com-lj.ungraph.gcc_6.3.0_O3.drop_3500M.length_250M_4T,spp,1.36021,1.36009,1.36018,1.36032,1
ligra_MIS.com-lj.ungraph.gcc_6.3.0_O3.drop_3500M.length_250M_4T,bingo,1.36687,1.36659,1.36648,1.36713,1
ligra_MIS.com-lj.ungraph.gcc_6.3.0_O3.drop_3500M.length_250M_4T,mlop,1.376,1.37596,1.376,1.37604,1
ligra_MIS.com-lj.ungraph.gcc_6.3.0_O3.drop_3500M.length_250M_4T,pythia,1.37579,1.37579,1.37579,1.37579,1
ligra_MIS.com-lj.ungraph.gcc_6.3.0_O3.drop_750M.length_250M_4T,nopref,0.8845,0.88364,0.88348,0.88422,1
ligra_MIS.com-lj.ungraph.gcc_6.3.0_O3.drop_750M.length_250M_4T,spp,1.21562,1.21565,1.21551,1.2155,1
ligra_MIS.com-lj.ungraph.gcc_6.3.0_O3.drop_750M.length_250M_4T,bingo,1.20964,1.20962,1.20962,1.20964,1
ligra_MIS.com-lj.ungraph.gcc_6.3.0_O3.drop_750M.length_250M_4T,mlop,1.21704,1.21701,1.217,1.21705,1
ligra_MIS.com-lj.ungraph.gcc_6.3.0_O3.drop_750M.length_250M_4T,pythia,1.21688,1.21688,1.21688,1.21688,1
ligra_PageRank.com-lj.ungraph.gcc_6.3.0_O3.drop_21750M.length_250M_4T,nopref,0.15976,0.15976,0.15977,0.15976,1
ligra_PageRank.com-lj.ungraph.gcc_6.3.0_O3.drop_21750M.length_250M_4T,spp,0.15994,0.15998,0.15996,0.15993,1
ligra_PageRank.com-lj.ungraph.gcc_6.3.0_O3.drop_21750M.length_250M_4T,bingo,0.09424,0.09419,0.09415,0.09427,1
ligra_PageRank.com-lj.ungraph.gcc_6.3.0_O3.drop_21750M.length_250M_4T,mlop,0.14018,0.13994,0.14007,0.14012,1
ligra_PageRank.com-lj.ungraph.gcc_6.3.0_O3.drop_21750M.length_250M_4T,pythia,0.15465,0.15472,0.15469,0.15466,1
ligra_PageRank.com-lj.ungraph.gcc_6.3.0_O3.drop_500M.length_250M_4T,nopref,0.90833,0.90816,0.9077,0.90871,1
ligra_PageRank.com-lj.ungraph.gcc_6.3.0_O3.drop_500M.length_250M_4T,spp,1.27093,1.27098,1.27098,1.27095,1
ligra_PageRank.com-lj.ungraph.gcc_6.3.0_O3.drop_500M.length_250M_4T,bingo,1.26387,1.26385,1.26385,1.26387,1
ligra_PageRank.com-lj.ungraph.gcc_6.3.0_O3.drop_500M.length_250M_4T,mlop,1.27206,1.27202,1.27201,1.27206,1
ligra_PageRank.com-lj.ungraph.gcc_6.3.0_O3.drop_500M.length_250M_4T,pythia,1.27187,1.27187,1.27187,1.27187,1
ligra_PageRank.com-lj.ungraph.gcc_6.3.0_O3.drop_51000M.length_250M_4T,nopref,0.36611,0.36665,0.36564,0.36642,1
ligra_PageRank.com-lj.ungraph.gcc_6.3.0_O3.drop_51000M.length_250M_4T,spp,0.36325,0.36258,0.36405,0.36358,1
ligra_PageRank.com-lj.ungraph.gcc_6.3.0_O3.drop_51000M.length_250M_4T,bingo,0.20481,0.20344,0.20498,0.20575,1
ligra_PageRank.com-lj.ungraph.gcc_6.3.0_O3.drop_51000M.length_250M_4T,mlop,0.31992,0.32067,0.32156,0.32182,1
ligra_PageRank.com-lj.ungraph.gcc_6.3.0_O3.drop_51000M.length_250M_4T,pythia,0.36446,0.36452,0.36441,0.36483,1
ligra_PageRank.com-lj.ungraph.gcc_6.3.0_O3.drop_60750M.length_250M_4T,nopref,0.31046,0.31055,0.30961,0.31052,1
ligra_PageRank.com-lj.ungraph.gcc_6.3.0_O3.drop_60750M.length_250M_4T,spp,0.43114,0.42826,0.4318,0.42876,1
ligra_PageRank.com-lj.ungraph.gcc_6.3.0_O3.drop_60750M.length_250M_4T,bingo,0.41238,0.43137,0.41369,0.42837,1
ligra_PageRank.com-lj.ungraph.gcc_6.3.0_O3.drop_60750M.length_250M_4T,mlop,0.4495,0.46208,0.45953,0.44539,1
ligra_PageRank.com-lj.ungraph.gcc_6.3.0_O3.drop_60750M.length_250M_4T,pythia,0.45882,0.46122,0.4624,0.46005,1
ligra_PageRank.com-lj.ungraph.gcc_6.3.0_O3.drop_79500M.length_250M_4T,nopref,0.17365,0.17371,0.17336,0.17376,1
ligra_PageRank.com-lj.ungraph.gcc_6.3.0_O3.drop_79500M.length_250M_4T,spp,0.1821,0.18208,0.18195,0.18207,1
ligra_PageRank.com-lj.ungraph.gcc_6.3.0_O3.drop_79500M.length_250M_4T,bingo,0.10245,0.10268,0.10233,0.10252,1
ligra_PageRank.com-lj.ungraph.gcc_6.3.0_O3.drop_79500M.length_250M_4T,mlop,0.11585,0.11595,0.11599,0.11579,1
ligra_PageRank.com-lj.ungraph.gcc_6.3.0_O3.drop_79500M.length_250M_4T,pythia,0.1859,0.18523,0.18604,0.18559,1
ligra_PageRankDelta.com-lj.ungraph.gcc_6.3.0_O3.drop_1250M.length_250M_4T,nopref,0.89294,0.89255,0.89199,0.89321,1
ligra_PageRankDelta.com-lj.ungraph.gcc_6.3.0_O3.drop_1250M.length_250M_4T,spp,1.2432,1.24297,1.24299,1.24309,1
ligra_PageRankDelta.com-lj.ungraph.gcc_6.3.0_O3.drop_1250M.length_250M_4T,bingo,1.23655,1.23654,1.23654,1.23656,1
ligra_PageRankDelta.com-lj.ungraph.gcc_6.3.0_O3.drop_1250M.length_250M_4T,mlop,1.2445,1.24447,1.24447,1.2445,1
ligra_PageRankDelta.com-lj.ungraph.gcc_6.3.0_O3.drop_1250M.length_250M_4T,pythia,1.24433,1.24433,1.24433,1.24433,1
ligra_PageRankDelta.com-lj.ungraph.gcc_6.3.0_O3.drop_24000M.length_250M_4T,nopref,0.34866,0.34897,0.34907,0.349,1
ligra_PageRankDelta.com-lj.ungraph.gcc_6.3.0_O3.drop_24000M.length_250M_4T,spp,0.40361,0.40352,0.40331,0.40282,1
ligra_PageRankDelta.com-lj.ungraph.gcc_6.3.0_O3.drop_24000M.length_250M_4T,bingo,0.26378,0.26358,0.26784,0.26344,1
ligra_PageRankDelta.com-lj.ungraph.gcc_6.3.0_O3.drop_24000M.length_250M_4T,mlop,0.35948,0.35814,0.35806,0.35844,1
ligra_PageRankDelta.com-lj.ungraph.gcc_6.3.0_O3.drop_24000M.length_250M_4T,pythia,0.42607,0.4289,0.42567,0.42568,1
ligra_PageRankDelta.com-lj.ungraph.gcc_6.3.0_O3.drop_24500M.length_250M_4T,nopref,0.25522,0.25521,0.25517,0.25529,1
ligra_PageRankDelta.com-lj.ungraph.gcc_6.3.0_O3.drop_24500M.length_250M_4T,spp,0.25339,0.25333,0.25338,0.25331,1
ligra_PageRankDelta.com-lj.ungraph.gcc_6.3.0_O3.drop_24500M.length_250M_4T,bingo,0.13498,0.13499,0.13481,0.13523,1
ligra_PageRankDelta.com-lj.ungraph.gcc_6.3.0_O3.drop_24500M.length_250M_4T,mlop,0.1886,0.18852,0.18851,0.18851,1
ligra_PageRankDelta.com-lj.ungraph.gcc_6.3.0_O3.drop_24500M.length_250M_4T,pythia,0.25151,0.25149,0.25186,0.25178,1
ligra_PageRankDelta.com-lj.ungraph.gcc_6.3.0_O3.drop_3500M.length_250M_4T,nopref,0.96284,0.96238,0.9622,0.96284,1
ligra_PageRankDelta.com-lj.ungraph.gcc_6.3.0_O3.drop_3500M.length_250M_4T,spp,1.36038,1.36029,1.36017,1.36031,1
ligra_PageRankDelta.com-lj.ungraph.gcc_6.3.0_O3.drop_3500M.length_250M_4T,bingo,1.3663,1.36638,1.3663,1.36623,1
ligra_PageRankDelta.com-lj.ungraph.gcc_6.3.0_O3.drop_3500M.length_250M_4T,mlop,1.37608,1.37605,1.37608,1.37612,1
ligra_PageRankDelta.com-lj.ungraph.gcc_6.3.0_O3.drop_3500M.length_250M_4T,pythia,1.37599,1.37599,1.37599,1.37599,1
ligra_Radii.com-lj.ungraph.gcc_6.3.0_O3.drop_32000M.length_250M_4T,nopref,0.13757,0.13757,0.13513,0.13466,1
ligra_Radii.com-lj.ungraph.gcc_6.3.0_O3.drop_32000M.length_250M_4T,spp,0.13328,0.13386,0.13363,0.13338,1
ligra_Radii.com-lj.ungraph.gcc_6.3.0_O3.drop_32000M.length_250M_4T,bingo,0.1155,0.11565,0.11519,0.11535,1
ligra_Radii.com-lj.ungraph.gcc_6.3.0_O3.drop_32000M.length_250M_4T,mlop,0.11384,0.11381,0.11416,0.11371,1
ligra_Radii.com-lj.ungraph.gcc_6.3.0_O3.drop_32000M.length_250M_4T,pythia,0.15482,0.15513,0.15513,0.15467,1
ligra_Radii.com-lj.ungraph.gcc_6.3.0_O3.drop_3500M.length_250M_4T,nopref,0.96657,0.96462,0.96437,0.96467,1
ligra_Radii.com-lj.ungraph.gcc_6.3.0_O3.drop_3500M.length_250M_4T,spp,1.36025,1.36043,1.3603,1.36048,1
ligra_Radii.com-lj.ungraph.gcc_6.3.0_O3.drop_3500M.length_250M_4T,bingo,1.36665,1.36668,1.36662,1.36673,1
ligra_Radii.com-lj.ungraph.gcc_6.3.0_O3.drop_3500M.length_250M_4T,mlop,1.37622,1.37619,1.37615,1.37625,1
ligra_Radii.com-lj.ungraph.gcc_6.3.0_O3.drop_3500M.length_250M_4T,pythia,1.37591,1.37591,1.37591,1.37591,1
ligra_Triangle.com-lj.ungraph.gcc_6.3.0_O3.drop_25000M.length_250M_4T,nopref,0.26966,0.27109,0.27064,0.27108,1
ligra_Triangle.com-lj.ungraph.gcc_6.3.0_O3.drop_25000M.length_250M_4T,spp,0.28713,0.28725,0.28615,0.2869,1
ligra_Triangle.com-lj.ungraph.gcc_6.3.0_O3.drop_25000M.length_250M_4T,bingo,0.30485,0.30214,0.30429,0.30389,1
ligra_Triangle.com-lj.ungraph.gcc_6.3.0_O3.drop_25000M.length_250M_4T,mlop,0.30552,0.30546,0.30452,0.30521,1
ligra_Triangle.com-lj.ungraph.gcc_6.3.0_O3.drop_25000M.length_250M_4T,pythia,0.38016,0.38019,0.37959,0.38179,1
ligra_Triangle.com-lj.ungraph.gcc_6.3.0_O3.drop_3500M.length_250M_4T,nopref,0.96473,0.96461,0.96549,0.96514,1
ligra_Triangle.com-lj.ungraph.gcc_6.3.0_O3.drop_3500M.length_250M_4T,spp,1.36028,1.36013,1.36018,1.36051,1
ligra_Triangle.com-lj.ungraph.gcc_6.3.0_O3.drop_3500M.length_250M_4T,bingo,1.36626,1.36617,1.36627,1.36626,1
ligra_Triangle.com-lj.ungraph.gcc_6.3.0_O3.drop_3500M.length_250M_4T,mlop,1.3762,1.3762,1.37618,1.37624,1
ligra_Triangle.com-lj.ungraph.gcc_6.3.0_O3.drop_3500M.length_250M_4T,pythia,1.37593,1.37594,1.37594,1.37593,1
ligra_Triangle.com-lj.ungraph.gcc_6.3.0_O3.drop_750M.length_250M_4T,nopref,0.88228,0.88279,0.882,0.88287,1
ligra_Triangle.com-lj.ungraph.gcc_6.3.0_O3.drop_750M.length_250M_4T,spp,1.2142,1.21417,1.21419,1.21417,1
ligra_Triangle.com-lj.ungraph.gcc_6.3.0_O3.drop_750M.length_250M_4T,bingo,1.2083,1.20829,1.20829,1.2083,1
ligra_Triangle.com-lj.ungraph.gcc_6.3.0_O3.drop_750M.length_250M_4T,mlop,1.21568,1.21564,1.21563,1.21568,1
ligra_Triangle.com-lj.ungraph.gcc_6.3.0_O3.drop_750M.length_250M_4T,pythia,1.21551,1.21551,1.21551,1.21551,1
parsec_2.1.canneal.simlarge.prebuilt.drop_1250M.length_250M_4T,nopref,0.25957,0.25956,0.25957,0.25956,1
parsec_2.1.canneal.simlarge.prebuilt.drop_1250M.length_250M_4T,spp,0.26043,0.26184,0.25908,0.26109,1
parsec_2.1.canneal.simlarge.prebuilt.drop_1250M.length_250M_4T,bingo,0.26079,0.26061,0.26066,0.26055,1
parsec_2.1.canneal.simlarge.prebuilt.drop_1250M.length_250M_4T,mlop,0.26476,0.26448,0.26475,0.26469,1
parsec_2.1.canneal.simlarge.prebuilt.drop_1250M.length_250M_4T,pythia,0.28032,0.28032,0.28031,0.27748,1
parsec_2.1.canneal.simlarge.prebuilt.drop_3000M.length_250M_4T,nopref,0.21935,0.22053,0.22052,0.21936,1
parsec_2.1.canneal.simlarge.prebuilt.drop_3000M.length_250M_4T,spp,0.21958,0.22052,0.22024,0.21973,1
parsec_2.1.canneal.simlarge.prebuilt.drop_3000M.length_250M_4T,bingo,0.2207,0.22066,0.22064,0.22055,1
parsec_2.1.canneal.simlarge.prebuilt.drop_3000M.length_250M_4T,mlop,0.22188,0.22251,0.22244,0.22189,1
parsec_2.1.canneal.simlarge.prebuilt.drop_3000M.length_250M_4T,pythia,0.24006,0.2384,0.24006,0.23906,1
parsec_2.1.canneal.simlarge.prebuilt.drop_4500M.length_250M_4T,nopref,0.19425,0.19425,0.19339,0.19287,1
parsec_2.1.canneal.simlarge.prebuilt.drop_4500M.length_250M_4T,spp,0.19212,0.19258,0.19238,0.1918,1
parsec_2.1.canneal.simlarge.prebuilt.drop_4500M.length_250M_4T,bingo,0.18119,0.18117,0.1812,0.18125,1
parsec_2.1.canneal.simlarge.prebuilt.drop_4500M.length_250M_4T,mlop,0.19398,0.19324,0.1931,0.19399,1
parsec_2.1.canneal.simlarge.prebuilt.drop_4500M.length_250M_4T,pythia,0.19928,0.19845,0.19863,0.19935,1
parsec_2.1.canneal.simlarge.prebuilt.drop_4750M.length_250M_4T,nopref,0.17562,0.17562,0.17562,0.17562,1
parsec_2.1.canneal.simlarge.prebuilt.drop_4750M.length_250M_4T,spp,0.17385,0.17206,0.17227,0.17449,1
parsec_2.1.canneal.simlarge.prebuilt.drop_4750M.length_250M_4T,bingo,0.15683,0.15693,0.15687,0.15697,1
parsec_2.1.canneal.simlarge.prebuilt.drop_4750M.length_250M_4T,mlop,0.17429,0.17428,0.17551,0.17551,1
parsec_2.1.canneal.simlarge.prebuilt.drop_4750M.length_250M_4T,pythia,0.17469,0.17466,0.17475,0.17461,1
parsec_2.1.canneal.simlarge.prebuilt.drop_500M.length_250M_4T,nopref,0.30802,0.308,0.308,0.30802,1
parsec_2.1.canneal.simlarge.prebuilt.drop_500M.length_250M_4T,spp,0.31025,0.3099,0.31024,0.30984,1
parsec_2.1.canneal.simlarge.prebuilt.drop_500M.length_250M_4T,bingo,0.31264,0.31278,0.313,0.31257,1
parsec_2.1.canneal.simlarge.prebuilt.drop_500M.length_250M_4T,mlop,0.31405,0.31405,0.31125,0.31405,1
parsec_2.1.canneal.simlarge.prebuilt.drop_500M.length_250M_4T,pythia,0.33083,0.33085,0.33084,0.33084,1
parsec_2.1.facesim.simlarge.prebuilt.drop_1500M.length_250M_4T,nopref,0.3356,0.33869,0.33894,0.33657,1
parsec_2.1.facesim.simlarge.prebuilt.drop_1500M.length_250M_4T,spp,0.36055,0.36095,0.36048,0.36062,1
parsec_2.1.facesim.simlarge.prebuilt.drop_1500M.length_250M_4T,bingo,0.36455,0.36284,0.36304,0.36318,1
parsec_2.1.facesim.simlarge.prebuilt.drop_1500M.length_250M_4T,mlop,0.36614,0.36685,0.36421,0.36333,1
parsec_2.1.facesim.simlarge.prebuilt.drop_1500M.length_250M_4T,pythia,0.38271,0.39164,0.3827,0.38309,1
parsec_2.1.fluidanimate.simlarge.prebuilt.drop_9500M.length_250M_4T,nopref,0.46754,0.4685,0.46754,0.4682,1
parsec_2.1.fluidanimate.simlarge.prebuilt.drop_9500M.length_250M_4T,spp,0.54458,0.53658,0.53635,0.54492,1
parsec_2.1.fluidanimate.simlarge.prebuilt.drop_9500M.length_250M_4T,bingo,0.55809,0.55953,0.56073,0.56035,1
parsec_2.1.fluidanimate.simlarge.prebuilt.drop_9500M.length_250M_4T,mlop,0.55713,0.56107,0.56165,0.557,1
parsec_2.1.fluidanimate.simlarge.prebuilt.drop_9500M.length_250M_4T,pythia,0.51624,0.54354,0.52779,0.52607,1
parsec_2.1.streamcluster.simlarge.prebuilt.drop_0M.length_250M_4T,nopref,0.44685,0.44469,0.44708,0.44733,1
parsec_2.1.streamcluster.simlarge.prebuilt.drop_0M.length_250M_4T,spp,0.59202,0.59234,0.59347,0.59384,1
parsec_2.1.streamcluster.simlarge.prebuilt.drop_0M.length_250M_4T,bingo,0.61009,0.60823,0.60828,0.60921,1
parsec_2.1.streamcluster.simlarge.prebuilt.drop_0M.length_250M_4T,mlop,0.54949,0.5273,0.54881,0.53147,1
parsec_2.1.streamcluster.simlarge.prebuilt.drop_0M.length_250M_4T,pythia,0.58292,0.58381,0.58683,0.58692,1
parsec_2.1.streamcluster.simlarge.prebuilt.drop_14750M.length_250M_4T,nopref,0.48847,0.48679,0.48692,0.48831,1
parsec_2.1.streamcluster.simlarge.prebuilt.drop_14750M.length_250M_4T,spp,0.72493,0.72317,0.72433,0.7228,1
parsec_2.1.streamcluster.simlarge.prebuilt.drop_14750M.length_250M_4T,bingo,0.72515,0.72476,0.72676,0.7253,1
parsec_2.1.streamcluster.simlarge.prebuilt.drop_14750M.length_250M_4T,mlop,0.62997,0.63639,0.63254,0.6347,1
parsec_2.1.streamcluster.simlarge.prebuilt.drop_14750M.length_250M_4T,pythia,0.68047,0.68206,0.68143,0.67907,1
parsec_2.1.raytrace.simlarge.prebuilt.drop_23500M.length_250M_4T,nopref,0.628,0.62714,0.62404,0.62797,1
parsec_2.1.raytrace.simlarge.prebuilt.drop_23500M.length_250M_4T,spp,0.9012,0.90153,0.90146,0.90136,1
parsec_2.1.raytrace.simlarge.prebuilt.drop_23500M.length_250M_4T,bingo,0.9116,0.91119,0.9116,0.91174,1
parsec_2.1.raytrace.simlarge.prebuilt.drop_23500M.length_250M_4T,mlop,0.92546,0.92541,0.92565,0.92554,1
parsec_2.1.raytrace.simlarge.prebuilt.drop_23500M.length_250M_4T,pythia,0.93912,0.93916,0.93922,0.9391,1
parsec_2.1.raytrace.simlarge.prebuilt.drop_23750M.length_250M_4T,nopref,0.80216,0.80312,0.80312,0.79813,1
parsec_2.1.raytrace.simlarge.prebuilt.drop_23750M.length_250M_4T,spp,1.40386,1.40733,1.40657,1.40721,1
parsec_2.1.raytrace.simlarge.prebuilt.drop_23750M.length_250M_4T,bingo,1.42927,1.42951,1.42986,1.42791,1
parsec_2.1.raytrace.simlarge.prebuilt.drop_23750M.length_250M_4T,mlop,1.30282,1.29152,1.29909,1.30058,1
parsec_2.1.raytrace.simlarge.prebuilt.drop_23750M.length_250M_4T,pythia,1.40195,1.3989,1.40187,1.39758,1
cassandra_phase0_core0_4T,nopref,0.34615,0.34615,0.34605,0.34614,1
cassandra_phase0_core0_4T,spp,0.36009,0.35944,0.35917,0.35959,1
cassandra_phase0_core0_4T,bingo,0.35567,0.35589,0.35603,0.3558,1
cassandra_phase0_core0_4T,mlop,0.34486,0.3447,0.34462,0.34461,1
cassandra_phase0_core0_4T,pythia,0.37005,0.3702,0.36982,0.36978,1
cassandra_phase0_core1_4T,nopref,0.31727,0.31755,0.31728,0.31755,1
cassandra_phase0_core1_4T,spp,0.33096,0.33091,0.33054,0.33063,1
cassandra_phase0_core1_4T,bingo,0.32959,0.33034,0.33015,0.3299,1
cassandra_phase0_core1_4T,mlop,0.31716,0.31745,0.31722,0.31731,1
cassandra_phase0_core1_4T,pythia,0.34097,0.34098,0.34111,0.34095,1
cassandra_phase0_core2_4T,nopref,0.34133,0.34122,0.34123,0.34153,1
cassandra_phase0_core2_4T,spp,0.35381,0.3535,0.35361,0.35366,1
cassandra_phase0_core2_4T,bingo,0.351,0.35109,0.35079,0.351,1
cassandra_phase0_core2_4T,mlop,0.33919,0.33929,0.33908,0.33899,1
cassandra_phase0_core2_4T,pythia,0.36579,0.36579,0.36579,0.36567,1
cassandra_phase0_core3_4T,nopref,0.34818,0.34816,0.34734,0.3474,1
cassandra_phase0_core3_4T,spp,0.36292,0.3632,0.36226,0.3623,1
cassandra_phase0_core3_4T,bingo,0.35883,0.35864,0.35914,0.35877,1
cassandra_phase0_core3_4T,mlop,0.34709,0.34724,0.34713,0.34748,1
cassandra_phase0_core3_4T,pythia,0.37379,0.37366,0.37397,0.37369,1
cassandra_phase1_core0_4T,nopref,0.32853,0.32839,0.32855,0.32837,1
cassandra_phase1_core0_4T,spp,0.3378,0.33775,0.33775,0.33808,1
cassandra_phase1_core0_4T,bingo,0.33913,0.33964,0.3392,0.3393,1
cassandra_phase1_core0_4T,mlop,0.32366,0.32389,0.32384,0.32366,1
cassandra_phase1_core0_4T,pythia,0.34725,0.34692,0.34705,0.34698,1
cassandra_phase1_core1_4T,nopref,0.31608,0.31624,0.31633,0.31603,1
cassandra_phase1_core1_4T,spp,0.33048,0.33087,0.33049,0.33057,1
cassandra_phase1_core1_4T,bingo,0.32704,0.32741,0.32783,0.32736,1
cassandra_phase1_core1_4T,mlop,0.31896,0.3191,0.31887,0.31903,1
cassandra_phase1_core1_4T,pythia,0.34003,0.34032,0.33974,0.33985,1
cassandra_phase1_core2_4T,nopref,0.33659,0.33532,0.33569,0.33643,1
cassandra_phase1_core2_4T,spp,0.35181,0.35192,0.35241,0.35217,1
cassandra_phase1_core2_4T,bingo,0.34764,0.34708,0.34689,0.34755,1
cassandra_phase1_core2_4T,mlop,0.33759,0.33794,0.33766,0.33769,1
cassandra_phase1_core2_4T,pythia,0.36247,0.36218,0.36188,0.36184,1
cassandra_phase1_core3_4T,nopref,0.33487,0.33548,0.3356,0.33467,1
cassandra_phase1_core3_4T,spp,0.35057,0.35013,0.35054,0.3503,1
cassandra_phase1_core3_4T,bingo,0.34594,0.34634,0.34647,0.34626,1
cassandra_phase1_core3_4T,mlop,0.33561,0.33563,0.33581,0.33573,1
cassandra_phase1_core3_4T,pythia,0.36021,0.35997,0.36061,0.36007,1
cassandra_phase2_core1_4T,nopref,0.26977,0.26985,0.27005,0.26993,1
cassandra_phase2_core1_4T,spp,0.28361,0.28381,0.28345,0.28343,1
cassandra_phase2_core1_4T,bingo,0.28168,0.28179,0.28156,0.28194,1
cassandra_phase2_core1_4T,mlop,0.2769,0.27683,0.27696,0.27687,1
cassandra_phase2_core1_4T,pythia,0.28913,0.28953,0.28924,0.28921,1
cassandra_phase2_core2_4T,nopref,0.29658,0.29654,0.29654,0.2967,1
cassandra_phase2_core2_4T,spp,0.30726,0.30742,0.30722,0.30744,1
cassandra_phase2_core2_4T,bingo,0.30786,0.30791,0.30779,0.30823,1
cassandra_phase2_core2_4T,mlop,0.30084,0.30079,0.30075,0.30076,1
cassandra_phase2_core2_4T,pythia,0.31502,0.31496,0.31503,0.31487,1
cassandra_phase2_core3_4T,nopref,0.30421,0.30421,0.30421,0.30415,1
cassandra_phase2_core3_4T,spp,0.3218,0.32159,0.32195,0.32174,1
cassandra_phase2_core3_4T,bingo,0.32058,0.32045,0.32053,0.32045,1
cassandra_phase2_core3_4T,mlop,0.31401,0.31399,0.3139,0.31403,1
cassandra_phase2_core3_4T,pythia,0.32816,0.32816,0.32843,0.32825,1
cassandra_phase3_core1_4T,nopref,0.27607,0.27623,0.27636,0.27607,1
cassandra_phase3_core1_4T,spp,0.28732,0.28732,0.28746,0.28754,1
cassandra_phase3_core1_4T,bingo,0.28822,0.28856,0.28843,0.28832,1
cassandra_phase3_core1_4T,mlop,0.28169,0.28167,0.28178,0.28156,1
cassandra_phase3_core1_4T,pythia,0.29348,0.29339,0.29354,0.29338,1
cassandra_phase3_core3_4T,nopref,0.29418,0.29424,0.29432,0.29449,1
cassandra_phase3_core3_4T,spp,0.29925,0.2991,0.29921,0.29907,1
cassandra_phase3_core3_4T,bingo,0.30334,0.30315,0.30361,0.3032,1
cassandra_phase3_core3_4T,mlop,0.29189,0.29186,0.29203,0.29217,1
cassandra_phase3_core3_4T,pythia,0.30581,0.30558,0.30569,0.30569,1
cassandra_phase4_core0_4T,nopref,0.28151,0.28182,0.28182,0.28173,1
cassandra_phase4_core0_4T,spp,0.28678,0.28678,0.28717,0.28674,1
cassandra_phase4_core0_4T,bingo,0.2908,0.29111,0.2911,0.29068,1
cassandra_phase4_core0_4T,mlop,0.27884,0.27856,0.27851,0.27864,1
cassandra_phase4_core0_4T,pythia,0.29245,0.29234,0.29231,0.2924,1
cassandra_phase4_core2_4T,nopref,0.31515,0.31481,0.3151,0.31545,1
cassandra_phase4_core2_4T,spp,0.3259,0.32564,0.3258,0.32577,1
cassandra_phase4_core2_4T,bingo,0.32363,0.3236,0.32379,0.32371,1
cassandra_phase4_core2_4T,mlop,0.31575,0.31578,0.31567,0.31569,1
cassandra_phase4_core2_4T,pythia,0.33337,0.3335,0.33336,0.33328,1
cassandra_phase4_core3_4T,nopref,0.30386,0.30386,0.3037,0.30374,1
cassandra_phase4_core3_4T,spp,0.31542,0.31576,0.31525,0.31519,1
cassandra_phase4_core3_4T,bingo,0.31267,0.31245,0.31251,0.31252,1
cassandra_phase4_core3_4T,mlop,0.30544,0.30556,0.30563,0.30554,1
cassandra_phase4_core3_4T,pythia,0.3225,0.32231,0.32229,0.32266,1
cassandra_phase5_core0_4T,nopref,0.36166,0.36325,0.36187,0.36325,1
cassandra_phase5_core0_4T,spp,0.37466,0.37509,0.37469,0.37497,1
cassandra_phase5_core0_4T,bingo,0.37188,0.37236,0.37212,0.37207,1
cassandra_phase5_core0_4T,mlop,0.35884,0.35884,0.35928,0.35894,1
cassandra_phase5_core0_4T,pythia,0.38691,0.38686,0.38715,0.38715,1
cassandra_phase5_core1_4T,nopref,0.32387,0.32403,0.32442,0.32424,1
cassandra_phase5_core1_4T,spp,0.33894,0.33887,0.33861,0.33867,1
cassandra_phase5_core1_4T,bingo,0.33714,0.33637,0.33621,0.33594,1
cassandra_phase5_core1_4T,mlop,0.32594,0.32602,0.32605,0.32627,1
cassandra_phase5_core1_4T,pythia,0.34862,0.34855,0.3485,0.34875,1
cassandra_phase5_core2_4T,nopref,0.35289,0.35186,0.35287,0.35153,1
cassandra_phase5_core2_4T,spp,0.36507,0.36462,0.36473,0.36485,1
cassandra_phase5_core2_4T,bingo,0.36259,0.36248,0.36273,0.36238,1
cassandra_phase5_core2_4T,mlop,0.35153,0.35144,0.3519,0.35148,1
cassandra_phase5_core2_4T,pythia,0.37728,0.3778,0.37728,0.37715,1
cassandra_phase5_core3_4T,nopref,0.34294,0.34291,0.34297,0.34298,1
cassandra_phase5_core3_4T,spp,0.35606,0.3566,0.3562,0.3559,1
cassandra_phase5_core3_4T,bingo,0.3527,0.35241,0.35228,0.35286,1
cassandra_phase5_core3_4T,mlop,0.34268,0.34237,0.34248,0.34241,1
cassandra_phase5_core3_4T,pythia,0.36732,0.36734,0.36789,0.36755,1
cloud9_phase5_core2_4T,nopref,0.14132,0.14126,0.14132,0.14126,1
cloud9_phase5_core2_4T,spp,0.14072,0.14075,0.14075,0.14075,1
cloud9_phase5_core2_4T,bingo,0.13901,0.13902,0.13908,0.13906,1
cloud9_phase5_core2_4T,mlop,0.14128,0.14136,0.14136,0.14128,1
cloud9_phase5_core2_4T,pythia,0.14175,0.14174,0.14177,0.14177,1
nutch_phase0_core0_4T,nopref,0.3136,0.31361,0.31386,0.31318,1
nutch_phase0_core0_4T,spp,0.32726,0.32746,0.3273,0.32748,1
nutch_phase0_core0_4T,bingo,0.32603,0.32551,0.32546,0.32553,1
nutch_phase0_core0_4T,mlop,0.32776,0.32775,0.32837,0.32804,1
nutch_phase0_core0_4T,pythia,0.32848,0.32866,0.32916,0.32841,1
nutch_phase0_core1_4T,nopref,0.32696,0.32702,0.32691,0.32699,1
nutch_phase0_core1_4T,spp,0.33969,0.33952,0.3397,0.33961,1
nutch_phase0_core1_4T,bingo,0.33966,0.33951,0.33994,0.33974,1
nutch_phase0_core1_4T,mlop,0.34122,0.34071,0.34102,0.3407,1
nutch_phase0_core1_4T,pythia,0.34223,0.34166,0.34253,0.34185,1
nutch_phase0_core2_4T,nopref,0.31606,0.3161,0.31608,0.31606,1
nutch_phase0_core2_4T,spp,0.33132,0.33138,0.33191,0.33132,1
nutch_phase0_core2_4T,bingo,0.33057,0.32993,0.33015,0.32994,1
nutch_phase0_core2_4T,mlop,0.332,0.33255,0.33179,0.33177,1
nutch_phase0_core2_4T,pythia,0.33068,0.33069,0.33072,0.33141,1
nutch_phase0_core3_4T,nopref,0.33405,0.33305,0.33392,0.33405,1
nutch_phase0_core3_4T,spp,0.34393,0.34423,0.34392,0.34391,1
nutch_phase0_core3_4T,bingo,0.3448,0.34439,0.3444,0.34434,1
nutch_phase0_core3_4T,mlop,0.34551,0.34565,0.34544,0.34583,1
nutch_phase0_core3_4T,pythia,0.34767,0.34703,0.34701,0.347,1
nutch_phase1_core0_4T,nopref,0.32862,0.32833,0.32894,0.32863,1
nutch_phase1_core0_4T,spp,0.34478,0.34515,0.34473,0.34495,1
nutch_phase1_core0_4T,bingo,0.34401,0.34379,0.34379,0.344,1
nutch_phase1_core0_4T,mlop,0.34488,0.34503,0.345,0.3451,1
nutch_phase1_core0_4T,pythia,0.34507,0.34535,0.34505,0.34742,1
nutch_phase1_core1_4T,nopref,0.3289,0.32866,0.32869,0.32868,1
nutch_phase1_core1_4T,spp,0.33712,0.33742,0.33714,0.33711,1
nutch_phase1_core1_4T,bingo,0.33694,0.33692,0.33698,0.33698,1
nutch_phase1_core1_4T,mlop,0.33904,0.33836,0.33834,0.33857,1
nutch_phase1_core1_4T,pythia,0.34048,0.3409,0.34047,0.34071,1
nutch_phase1_core2_4T,nopref,0.32157,0.32166,0.32142,0.32163,1
nutch_phase1_core2_4T,spp,0.33085,0.33111,0.33087,0.33131,1
nutch_phase1_core2_4T,bingo,0.33185,0.33143,0.33141,0.33179,1
nutch_phase1_core2_4T,mlop,0.33215,0.33215,0.33264,0.33222,1
nutch_phase1_core2_4T,pythia,0.33354,0.33336,0.33362,0.33364,1
nutch_phase1_core3_4T,nopref,0.32555,0.32602,0.32603,0.3261,1
nutch_phase1_core3_4T,spp,0.34119,0.34043,0.34041,0.3406,1
nutch_phase1_core3_4T,bingo,0.34119,0.34197,0.34172,0.34122,1
nutch_phase1_core3_4T,mlop,0.34222,0.34264,0.34242,0.342,1
nutch_phase1_core3_4T,pythia,0.34358,0.3428,0.34272,0.34342,1
nutch_phase3_core0_4T,nopref,0.33383,0.33404,0.33386,0.33402,1
nutch_phase3_core0_4T,spp,0.34353,0.34386,0.34362,0.3435,1
nutch_phase3_core0_4T,bingo,0.34358,0.34319,0.34317,0.3432,1
nutch_phase3_core0_4T,mlop,0.34497,0.34514,0.34475,0.34472,1
nutch_phase3_core0_4T,pythia,0.34544,0.34542,0.34551,0.34613,1
nutch_phase3_core1_4T,nopref,0.31653,0.31651,0.31651,0.3165,1
nutch_phase3_core1_4T,spp,0.33578,0.33582,0.33602,0.33587,1
nutch_phase3_core1_4T,bingo,0.33619,0.33619,0.33634,0.33707,1
nutch_phase3_core1_4T,mlop,0.33904,0.33917,0.33908,0.33996,1
nutch_phase3_core1_4T,pythia,0.33954,0.3391,0.33963,0.33945,1
nutch_phase3_core2_4T,nopref,0.34545,0.34591,0.34568,0.34598,1
nutch_phase3_core2_4T,spp,0.3546,0.35455,0.35455,0.35492,1
nutch_phase3_core2_4T,bingo,0.35451,0.3544,0.35456,0.35441,1
nutch_phase3_core2_4T,mlop,0.35649,0.35655,0.35685,0.35692,1
nutch_phase3_core2_4T,pythia,0.35633,0.35674,0.35618,0.35633,1
nutch_phase3_core3_4T,nopref,0.31989,0.31981,0.31976,0.31982,1
nutch_phase3_core3_4T,spp,0.33116,0.33113,0.33152,0.33131,1
nutch_phase3_core3_4T,bingo,0.33103,0.33112,0.33131,0.33101,1
nutch_phase3_core3_4T,mlop,0.33277,0.33341,0.33274,0.33293,1
nutch_phase3_core3_4T,pythia,0.3342,0.33422,0.33456,0.33467,1
nutch_phase4_core0_4T,nopref,0.32711,0.32711,0.32711,0.32711,1
nutch_phase4_core0_4T,spp,0.3389,0.33894,0.339,0.33912,1
nutch_phase4_core0_4T,bingo,0.33816,0.33821,0.33846,0.33816,1
nutch_phase4_core0_4T,mlop,0.33944,0.33943,0.3394,0.33975,1
nutch_phase4_core0_4T,pythia,0.34164,0.34117,0.34241,0.34118,1
nutch_phase4_core1_4T,nopref,0.31653,0.31639,0.31654,0.31648,1
nutch_phase4_core1_4T,spp,0.32417,0.32424,0.32426,0.32432,1
nutch_phase4_core1_4T,bingo,0.32559,0.32584,0.3256,0.32557,1
nutch_phase4_core1_4T,mlop,0.32552,0.32604,0.3255,0.32548,1
nutch_phase4_core1_4T,pythia,0.32716,0.32748,0.32712,0.32715,1
nutch_phase4_core2_4T,nopref,0.31566,0.31578,0.31601,0.3157,1
nutch_phase4_core2_4T,spp,0.32999,0.33027,0.33048,0.32995,1
nutch_phase4_core2_4T,bingo,0.32989,0.32971,0.32938,0.32942,1
nutch_phase4_core2_4T,mlop,0.33103,0.33108,0.33127,0.33141,1
nutch_phase4_core2_4T,pythia,0.33125,0.33125,0.3326,0.33121,1
nutch_phase4_core3_4T,nopref,0.31266,0.31249,0.31266,0.31278,1
nutch_phase4_core3_4T,spp,0.32045,0.32075,0.32045,0.32044,1
nutch_phase4_core3_4T,bingo,0.32072,0.32066,0.32069,0.32077,1
nutch_phase4_core3_4T,mlop,0.32238,0.3216,0.32164,0.32172,1
nutch_phase4_core3_4T,pythia,0.32328,0.32306,0.32308,0.32333,1
streaming_phase0_core1_4T,nopref,0.23631,0.23637,0.23628,0.23621,1
streaming_phase0_core1_4T,spp,0.25722,0.25707,0.25718,0.25728,1
streaming_phase0_core1_4T,bingo,0.26253,0.26245,0.2624,0.26234,1
streaming_phase0_core1_4T,mlop,0.26088,0.26087,0.26095,0.26092,1
streaming_phase0_core1_4T,pythia,0.26002,0.25997,0.2608,0.2605,1
streaming_phase1_core0_4T,nopref,0.21904,0.21897,0.21897,0.21901,1
streaming_phase1_core0_4T,spp,0.22235,0.22236,0.22235,0.22235,1
streaming_phase1_core0_4T,bingo,0.22516,0.22526,0.22498,0.22508,1
streaming_phase1_core0_4T,mlop,0.22459,0.2246,0.22447,0.2244,1
streaming_phase1_core0_4T,pythia,0.22454,0.22447,0.22453,0.22445,1
streaming_phase1_core1_4T,nopref,0.21586,0.21572,0.21558,0.21572,1
streaming_phase1_core1_4T,spp,0.21829,0.21837,0.21832,0.2184,1
streaming_phase1_core1_4T,bingo,0.22081,0.2206,0.22068,0.22065,1
streaming_phase1_core1_4T,mlop,0.22,0.21984,0.2198,0.21983,1
streaming_phase1_core1_4T,pythia,0.22001,0.22008,0.22002,0.22003,1
streaming_phase1_core3_4T,nopref,0.21269,0.21274,0.21274,0.2127,1
streaming_phase1_core3_4T,spp,0.21476,0.21475,0.21466,0.21482,1
streaming_phase1_core3_4T,bingo,0.2166,0.2166,0.21671,0.2167,1
streaming_phase1_core3_4T,mlop,0.21632,0.21646,0.21637,0.21632,1
streaming_phase1_core3_4T,pythia,0.21626,0.2163,0.21608,0.21596,1
streaming_phase2_core0_4T,nopref,0.21489,0.21508,0.21508,0.21512,1
streaming_phase2_core0_4T,spp,0.218,0.21801,0.2181,0.2181,1
streaming_phase2_core0_4T,bingo,0.22081,0.22071,0.22079,0.22074,1
streaming_phase2_core0_4T,mlop,0.2202,0.22025,0.22024,0.22021,1
streaming_phase2_core0_4T,pythia,0.22017,0.2201,0.21999,0.22008,1
streaming_phase2_core1_4T,nopref,0.22838,0.22829,0.22848,0.22839,1
streaming_phase2_core1_4T,spp,0.2416,0.24162,0.24159,0.24163,1
streaming_phase2_core1_4T,bingo,0.24517,0.24505,0.24528,0.24504,1
streaming_phase2_core1_4T,mlop,0.24444,0.24429,0.24438,0.24439,1
streaming_phase2_core1_4T,pythia,0.24395,0.24369,0.24362,0.24376,1
streaming_phase2_core2_4T,nopref,0.20743,0.20603,0.20591,0.20739,1
streaming_phase2_core2_4T,spp,0.22459,0.22459,0.22439,0.22439,1
streaming_phase2_core2_4T,bingo,0.22627,0.22609,0.22617,0.22634,1
streaming_phase2_core2_4T,mlop,0.22601,0.22599,0.22579,0.22568,1
streaming_phase2_core2_4T,pythia,0.2234,0.22313,0.22332,0.22446,1
streaming_phase2_core3_4T,nopref,0.22483,0.22483,0.22463,0.22475,1
streaming_phase2_core3_4T,spp,0.2355,0.23551,0.23573,0.23569,1
streaming_phase2_core3_4T,bingo,0.23883,0.2385,0.23896,0.2385,1
streaming_phase2_core3_4T,mlop,0.23848,0.23818,0.23853,0.23819,1
streaming_phase2_core3_4T,pythia,0.23736,0.23749,0.23737,0.23776,1
streaming_phase3_core0_4T,nopref,0.20938,0.20893,0.20892,0.20892,1
streaming_phase3_core0_4T,spp,0.2105,0.21053,0.21053,0.21053,1
streaming_phase3_core0_4T,bingo,0.21307,0.21304,0.21284,0.21292,1
streaming_phase3_core0_4T,mlop,0.21238,0.21232,0.21221,0.21221,1
streaming_phase3_core0_4T,pythia,0.21227,0.21227,0.2123,0.21229,1
streaming_phase3_core1_4T,nopref,0.20909,0.20913,0.20914,0.20909,1
streaming_phase3_core1_4T,spp,0.2109,0.21092,0.21081,0.21081,1
streaming_phase3_core1_4T,bingo,0.21329,0.21327,0.21333,0.21371,1
streaming_phase3_core1_4T,mlop,0.21316,0.21303,0.2131,0.2133,1
streaming_phase3_core1_4T,pythia,0.21284,0.21284,0.21311,0.21293,1
streaming_phase3_core3_4T,nopref,0.21097,0.21097,0.21163,0.21097,1
streaming_phase3_core3_4T,spp,0.21376,0.21389,0.21388,0.21375,1
streaming_phase3_core3_4T,bingo,0.2163,0.21666,0.21671,0.2163,1
streaming_phase3_core3_4T,mlop,0.21581,0.2158,0.21597,0.21597,1
streaming_phase3_core3_4T,pythia,0.21609,0.21625,0.21615,0.21591,1
streaming_phase4_core0_4T,nopref,0.21316,0.21314,0.21302,0.21302,1
streaming_phase4_core0_4T,spp,0.21452,0.21467,0.21461,0.21461,1
streaming_phase4_core0_4T,bingo,0.21664,0.21668,0.21675,0.21682,1
streaming_phase4_core0_4T,mlop,0.21613,0.216,0.21611,0.21598,1
streaming_phase4_core0_4T,pythia,0.21617,0.2161,0.21635,0.21615,1
streaming_phase4_core1_4T,nopref,0.22541,0.22541,0.22541,0.22588,1
streaming_phase4_core1_4T,spp,0.23388,0.23386,0.234,0.23405,1
streaming_phase4_core1_4T,bingo,0.23737,0.23746,0.23756,0.23766,1
streaming_phase4_core1_4T,mlop,0.23626,0.23632,0.23646,0.23646,1
streaming_phase4_core1_4T,pythia,0.23656,0.23658,0.23639,0.23645,1
streaming_phase4_core3_4T,nopref,0.23435,0.23435,0.23476,0.23476,1
streaming_phase4_core3_4T,spp,0.24985,0.25017,0.25015,0.24987,1
streaming_phase4_core3_4T,bingo,0.2543,0.25436,0.25442,0.25421,1
streaming_phase4_core3_4T,mlop,0.25302,0.25322,0.25351,0.25301,1
streaming_phase4_core3_4T,pythia,0.25204,0.25294,0.2532,0.25292,1
streaming_phase5_core0_4T,nopref,0.21165,0.21134,0.21135,0.21161,1
streaming_phase5_core0_4T,spp,0.2155,0.21556,0.21559,0.21593,1
streaming_phase5_core0_4T,bingo,0.21881,0.2187,0.21865,0.21884,1
streaming_phase5_core0_4T,mlop,0.21774,0.21764,0.21785,0.21758,1
streaming_phase5_core0_4T,pythia,0.21782,0.21726,0.21733,0.2173,1
streaming_phase5_core1_4T,nopref,0.2132,0.21301,0.21301,0.21331,1
streaming_phase5_core1_4T,spp,0.21699,0.21742,0.21735,0.21699,1
streaming_phase5_core1_4T,bingo,0.22022,0.2201,0.21997,0.22013,1
streaming_phase5_core1_4T,mlop,0.21945,0.21937,0.21944,0.21941,1
streaming_phase5_core1_4T,pythia,0.21924,0.21947,0.2193,0.21907,1
MP_mix_2,nopref,0.52234,0.58333,0.07737,0.63908,1
MP_mix_2,spp,1.01267,0.98373,0.05766,1.23448,1
MP_mix_2,bingo,0.98107,0.88186,0.07524,1.20409,1
MP_mix_2,mlop,0.89824,0.89301,0.10565,1.29214,1
MP_mix_2,pythia,1.02359,0.95911,0.11022,1.21581,1
MP_mix_5,nopref,0.54307,0.58975,0.39412,0.05217,1
MP_mix_5,spp,0.6713,1.03479,0.47582,0.02316,1
MP_mix_5,bingo,0.67499,0.99837,0.46352,0.03617,1
MP_mix_5,mlop,0.68925,0.98765,0.53961,0.02729,1
MP_mix_5,pythia,0.66426,0.97095,0.51646,0.03862,1
MP_mix_7,nopref,0.78256,0.61549,0.59625,0.38454,1
MP_mix_7,spp,1.52174,1.11088,1.19964,0.47264,1
MP_mix_7,bingo,1.47064,1.09407,1.15001,0.52323,1
MP_mix_7,mlop,1.60361,1.14739,1.25186,0.52111,1
MP_mix_7,pythia,1.55018,1.1076,1.17959,0.50637,1
MP_mix_10,nopref,0.4458,0.05583,0.06397,0.57304,1
MP_mix_10,spp,0.9075,0.02437,0.03121,0.84654,1
MP_mix_10,bingo,0.81486,0.02705,0.03838,0.78811,1
MP_mix_10,mlop,0.75643,0.04931,0.03425,0.85956,1
MP_mix_10,pythia,0.96573,0.04549,0.04827,0.93709,1
MP_mix_11,nopref,0.58554,0.41702,0.22071,0.38584,1
MP_mix_11,spp,1.20696,0.90028,0.17563,0.17431,1
MP_mix_11,bingo,1.11278,0.77779,0.1693,0.20401,1
MP_mix_11,mlop,1.25745,0.9498,0.16835,0.17379,1
MP_mix_11,pythia,1.27054,0.91209,0.18993,0.25077,1
MP_mix_12,nopref,0.20526,0.76309,0.62212,0.38826,1
MP_mix_12,spp,0.14389,0.93337,0.83637,0.36583,1
MP_mix_12,bingo,0.2489,0.47144,0.96027,0.36349,1
MP_mix_12,mlop,0.17118,1.21789,0.88358,0.3526,1
MP_mix_12,pythia,0.16991,1.11714,0.88682,0.36935,1
MP_mix_15,nopref,0.7756,0.42632,0.56745,0.04342,1
MP_mix_15,spp,0.72162,0.54831,0.99269,0.02204,1
MP_mix_15,bingo,0.70468,0.55096,0.96867,0.02935,1
MP_mix_15,mlop,0.69767,0.59111,0.95514,0.04086,1
MP_mix_15,pythia,0.76416,0.56612,0.94921,0.04392,1
MP_mix_16,nopref,0.47226,0.22525,0.47228,0.13433,1
MP_mix_16,spp,0.60387,0.21378,0.60347,0.12458,1
MP_mix_16,bingo,0.56734,0.19429,0.56741,0.12634,1
MP_mix_16,mlop,0.63456,0.20559,0.63474,0.13035,1
MP_mix_16,pythia,0.61326,0.21956,0.61332,0.14003,1
MP_mix_18,nopref,0.20848,0.82056,0.38513,0.3419,1
MP_mix_18,spp,0.52799,0.90354,0.44404,0.31093,1
MP_mix_18,bingo,0.46665,0.66459,0.468,0.32827,1
MP_mix_18,mlop,0.56515,0.99419,0.44126,0.30191,1
MP_mix_18,pythia,0.47253,1.06359,0.44316,0.32958,1
MP_mix_19,nopref,0.07714,0.09911,0.40513,0.3064,1
MP_mix_19,spp,0.05518,0.09615,0.70831,0.40106,1
MP_mix_19,bingo,0.05725,0.14587,0.60228,0.3329,1
MP_mix_19,mlop,0.05424,0.12901,0.45969,0.37403,1
MP_mix_19,pythia,0.06451,0.12814,0.61911,0.35945,1
MP_mix_21,nopref,0.37015,0.56313,0.30842,0.21053,1
MP_mix_21,spp,0.42375,1.04705,0.75344,0.14147,1
MP_mix_21,bingo,0.42731,0.91725,0.63232,0.1604,1
MP_mix_21,mlop,0.48448,1.04137,0.72728,0.12815,1
MP_mix_21,pythia,0.47586,1.08513,0.7035,0.15609,1
MP_mix_23,nopref,0.59154,0.23016,0.36627,0.38902,1
MP_mix_23,spp,1.09126,0.18539,0.35142,0.50252,1
MP_mix_23,bingo,0.9924,0.23753,0.36569,0.51657,1
MP_mix_23,mlop,1.09596,0.18731,0.34578,0.52965,1
MP_mix_23,pythia,1.15666,0.22162,0.36603,0.46892,1
MP_mix_24,nopref,0.48197,0.61246,0.14299,0.82409,1
MP_mix_24,spp,0.61919,1.18016,0.11004,1.56778,1
MP_mix_24,bingo,0.61028,1.07262,0.13869,1.53163,1
MP_mix_24,mlop,0.63034,1.27929,0.11407,1.66309,1
MP_mix_24,pythia,0.61759,1.26847,0.13295,1.64779,1
MP_mix_25,nopref,0.42774,0.99104,0.24115,0.48078,1
MP_mix_25,spp,0.90522,0.87888,0.19901,0.61037,1
MP_mix_25,bingo,0.83966,1.03586,0.28281,0.6053,1
MP_mix_25,mlop,0.96599,0.7482,0.22617,0.62451,1
MP_mix_25,pythia,0.94,1.22655,0.2421,0.61373,1
MP_mix_29,nopref,0.22025,0.52501,1.00794,0.99844,1
MP_mix_29,spp,0.21596,0.73346,1.10992,1.09061,1
MP_mix_29,bingo,0.23256,0.8309,1.0146,1.00447,1
MP_mix_29,mlop,0.22013,0.87149,1.14083,1.12285,1
MP_mix_29,pythia,0.22469,0.86593,1.14841,1.13178,1
MP_mix_32,nopref,0.36278,0.33206,1.03826,0.77502,1
MP_mix_32,spp,0.35002,0.80546,0.83988,0.848,1
MP_mix_32,bingo,0.3642,0.7595,1.17184,1.12976,1
MP_mix_32,mlop,0.34939,0.86024,0.63433,0.76065,1
MP_mix_32,pythia,0.36393,0.84409,1.16555,1.03497,1
MP_mix_34,nopref,0.17501,0.60976,0.3982,0.22177,1
MP_mix_34,spp,0.16777,1.20969,0.39623,0.20351,1
MP_mix_34,bingo,0.17279,1.11274,0.40457,0.23367,1
MP_mix_34,mlop,0.16114,1.30474,0.39521,0.21541,1
MP_mix_34,pythia,0.1779,1.29284,0.38428,0.22202,1
MP_mix_36,nopref,0.97604,0.53155,0.80761,0.84983,1
MP_mix_36,spp,1.10055,1.0211,1.51379,0.93545,1
MP_mix_36,bingo,1.13617,1.03294,1.49999,1.02049,1
MP_mix_36,mlop,1.10291,1.04823,1.60349,0.86622,1
MP_mix_36,pythia,1.14877,1.04872,1.58924,1.02301,1
MP_mix_39,nopref,0.40577,0.55162,0.52152,0.13336,1
MP_mix_39,spp,0.5364,0.68988,0.91646,0.14324,1
MP_mix_39,bingo,0.52146,0.67899,0.80949,0.16723,1
MP_mix_39,mlop,0.57537,0.68924,0.78931,0.15791,1
MP_mix_39,pythia,0.5426,0.67352,0.86407,0.16071,1
MP_mix_40,nopref,0.58685,0.48565,0.58681,0.59632,1
MP_mix_40,spp,1.25465,0.9656,1.2577,1.06249,1
MP_mix_40,bingo,1.10523,0.85577,1.10566,1.06692,1
MP_mix_40,mlop,1.12366,0.97971,1.12604,1.1336,1
MP_mix_40,pythia,1.30944,0.93075,1.30918,0.99,1
MP_mix_41,nopref,0.09171,0.09172,0.55961,0.54172,1
MP_mix_41,spp,0.06901,0.06911,1.03299,1.06248,1
MP_mix_41,bingo,0.07682,0.07696,0.93185,1.00124,1
MP_mix_41,mlop,0.08479,0.0856,0.93625,0.9308,1
MP_mix_41,pythia,0.09213,0.09213,1.04408,1.06915,1
MP_mix_42,nopref,0.62285,0.45457,1.00392,1.33132,1
MP_mix_42,spp,1.20533,0.56352,0.95443,1.32579,1
MP_mix_42,bingo,1.12774,0.59672,1.23552,1.35093,1
MP_mix_42,mlop,1.30623,0.61883,0.99357,1.34209,1
MP_mix_42,pythia,1.29874,0.60514,1.25598,1.35148,1
MP_mix_45,nopref,0.3147,0.15285,0.369,0.58971,1
MP_mix_45,spp,0.22864,0.32271,0.86776,1.05041,1
MP_mix_45,bingo,0.34374,0.35011,0.82331,0.917,1
MP_mix_45,mlop,0.23863,0.36123,0.875,1.07509,1
MP_mix_45,pythia,0.36196,0.32047,0.84743,1.12552,1
MP_mix_46,nopref,0.41294,0.4185,0.43763,0.30878,1
MP_mix_46,spp,0.97129,0.5254,0.85602,0.37758,1
MP_mix_46,bingo,0.86768,0.53654,0.70789,0.56934,1
MP_mix_46,mlop,1.06882,0.5006,0.99826,0.36643,1
MP_mix_46,pythia,0.88922,0.51634,0.87418,0.5128,1
MP_mix_49,nopref,0.12511,0.62583,0.69975,0.3261,1
MP_mix_49,spp,0.10925,1.31574,0.93334,0.7738,1
MP_mix_49,bingo,0.16256,1.31126,0.52377,0.70265,1
MP_mix_49,mlop,0.12625,1.38639,1.19404,0.78971,1
MP_mix_49,pythia,0.14115,1.23499,1.07158,0.67771,1
MP_mix_52,nopref,0.38161,0.41404,0.37295,0.81868,1
MP_mix_52,spp,0.83128,0.65452,0.4525,0.92813,1
MP_mix_52,bingo,0.77276,0.68595,0.47977,0.68209,1
MP_mix_52,mlop,0.64773,0.58394,0.48332,1.02604,1
MP_mix_52,pythia,0.82922,0.62658,0.44142,1.08103,1
MP_mix_54,nopref,0.61107,0.45992,0.75384,0.2025,1
MP_mix_54,spp,0.8379,0.87109,0.82895,0.12666,1
MP_mix_54,bingo,0.96588,0.7756,0.87159,0.16226,1
MP_mix_54,mlop,0.98109,0.75678,0.63377,0.13573,1
MP_mix_54,pythia,0.91728,0.91123,0.89504,0.15885,1
MP_mix_55,nopref,0.65109,0.20872,0.42498,0.32401,1
MP_mix_55,spp,1.07845,0.15074,0.32204,0.38417,1
MP_mix_55,bingo,1.03503,0.24618,0.29403,0.37644,1
MP_mix_55,mlop,1.07598,0.16603,0.38858,0.34852,1
MP_mix_55,pythia,1.03095,0.19778,0.41132,0.39049,1
MP_mix_57,nopref,0.67061,0.24268,0.61478,1.18859,1
MP_mix_57,spp,1.12877,0.39626,1.11288,0.97151,1
MP_mix_57,bingo,1.08853,0.40609,1.02846,1.13383,1
MP_mix_57,mlop,1.15057,0.41305,1.14701,0.98087,1
MP_mix_57,pythia,1.18072,0.40415,1.18078,1.18443,1
MP_mix_59,nopref,0.27093,0.49609,0.13368,0.27439,1
MP_mix_59,spp,0.6211,0.75185,0.10332,0.24634,1
MP_mix_59,bingo,0.73862,0.7562,0.2264,0.29035,1
MP_mix_59,mlop,0.77653,0.69735,0.14968,0.25568,1
MP_mix_59,pythia,0.5639,0.94869,0.17032,0.34164,1
MP_mix_60,nopref,0.35402,0.12307,0.60402,0.2874,1
MP_mix_60,spp,0.9532,0.1111,1.11148,0.28036,1
MP_mix_60,bingo,0.93068,0.12284,1.04726,0.33948,1
MP_mix_60,mlop,1.17009,0.1132,1.12204,0.2713,1
MP_mix_60,pythia,1.10896,0.12116,1.09029,0.35023,1
MP_mix_61,nopref,0.17435,0.27877,0.34086,0.15257,1
MP_mix_61,spp,0.34474,0.40243,0.4076,0.12706,1
MP_mix_61,bingo,0.34382,0.3915,0.30487,0.19954,1
MP_mix_61,mlop,0.37418,0.40731,0.34219,0.15774,1
MP_mix_61,pythia,0.35266,0.32731,0.50893,0.1985,1
MP_mix_62,nopref,0.97069,0.59964,0.93634,0.59668,1
MP_mix_62,spp,1.02959,1.29841,1.03942,1.13242,1
MP_mix_62,bingo,0.95431,1.2208,1.10567,1.05688,1
MP_mix_62,mlop,1.09797,1.1839,1.04478,1.23909,1
MP_mix_62,pythia,1.11168,1.37193,1.05771,1.17791,1
MP_mix_63,nopref,0.92827,0.64823,0.44713,0.41781,1
MP_mix_63,spp,1.00125,0.91669,0.52988,0.30576,1
MP_mix_63,bingo,0.77056,1.12931,0.73022,0.29641,1
MP_mix_63,mlop,1.07446,1.02755,0.48398,0.35638,1
MP_mix_63,pythia,1.11271,0.98981,0.70708,0.37985,1
MP_mix_64,nopref,0.50309,0.36462,0.52604,0.676,1
MP_mix_64,spp,1.07262,0.46272,1.01354,1.10656,1
MP_mix_64,bingo,1.14762,0.44226,0.92499,1.05164,1
MP_mix_64,mlop,1.15211,0.43732,1.01111,1.02153,1
MP_mix_64,pythia,1.02997,0.47642,1.07384,1.1612,1
MP_mix_65,nopref,0.45889,0.24216,0.62846,0.35605,1
MP_mix_65,spp,0.4134,0.28548,1.09565,0.86576,1
MP_mix_65,bingo,0.39194,0.43847,1.00866,0.77896,1
MP_mix_65,mlop,0.43782,0.29193,1.05832,0.83493,1
MP_mix_65,pythia,0.44806,0.33808,1.13002,0.84237,1
MP_mix_66,nopref,0.23488,0.34039,1.33101,0.87762,1
MP_mix_66,spp,0.22565,0.40872,1.32963,1.66996,1
MP_mix_66,bingo,0.23882,0.48297,1.35056,1.71392,1
MP_mix_66,mlop,0.23187,0.3529,1.34551,1.71848,1
MP_mix_66,pythia,0.23541,0.50811,1.34979,1.72597,1
MP_mix_67,nopref,0.28675,0.58594,0.22707,0.93037,1
MP_mix_67,spp,0.28437,1.09058,0.19569,1.09367,1
MP_mix_67,bingo,0.39914,0.98232,0.22859,1.0974,1
MP_mix_67,mlop,0.35096,1.1167,0.20566,1.09147,1
MP_mix_67,pythia,0.39797,1.15745,0.22126,1.12873,1
MP_mix_69,nopref,0.2362,0.05353,0.16301,0.6269,1
MP_mix_69,spp,0.19498,0.22702,0.34697,1.19864,1
MP_mix_69,bingo,0.20645,0.27534,0.35847,1.0605,1
MP_mix_69,mlop,0.19817,0.30113,0.37456,1.28909,1
MP_mix_69,pythia,0.21977,0.22214,0.3527,1.28976,1
MP_mix_70,nopref,0.52953,0.35653,0.52112,0.74457,1
MP_mix_70,spp,0.99683,0.18961,1.03037,1.01226,1
MP_mix_70,bingo,0.94902,0.26962,0.97386,0.97632,1
MP_mix_70,mlop,0.90989,0.20608,0.92018,0.94522,1
MP_mix_70,pythia,1.03535,0.22621,1.05387,1.02183,1
MP_mix_74,nopref,0.07933,0.34759,0.59519,0.59715,1
MP_mix_74,spp,0.05505,0.39163,1.28789,0.70808,1
MP_mix_74,bingo,0.07167,0.39222,1.26109,0.70712,1
MP_mix_74,mlop,0.11196,0.37544,1.35347,0.71807,1
MP_mix_74,pythia,0.12713,0.39473,1.33637,0.70486,1
MP_mix_75,nopref,0.71339,0.40949,0.4885,0.56158,1
MP_mix_75,spp,1.00482,0.40452,0.6225,1.06372,1
MP_mix_75,bingo,1.03808,0.41664,0.6187,1.044,1
MP_mix_75,mlop,1.01816,0.40723,0.63439,0.94356,1
MP_mix_75,pythia,1.01837,0.39543,0.62592,1.10988,1
MP_mix_76,nopref,0.21579,0.2467,0.13497,0.3615,1
MP_mix_76,spp,0.22355,0.3123,0.09326,0.48435,1
MP_mix_76,bingo,0.16346,0.31267,0.12662,0.46186,1
MP_mix_76,mlop,0.24703,0.35851,0.08685,0.45653,1
MP_mix_76,pythia,0.22662,0.35253,0.10569,0.45685,1
MP_mix_77,nopref,0.56496,0.59331,0.75315,0.56887,1
MP_mix_77,spp,1.06293,1.04465,0.66747,1.25564,1
MP_mix_77,bingo,0.98658,1.04778,0.70129,1.15304,1
MP_mix_77,mlop,1.17453,0.98604,0.68011,1.11509,1
MP_mix_77,pythia,1.09757,1.0573,0.68997,1.31223,1
MP_mix_79,nopref,0.34157,0.45395,1.08106,0.52516,1
MP_mix_79,spp,0.39241,0.54948,1.04898,0.72602,1
MP_mix_79,bingo,0.39141,0.56519,1.24414,0.71481,1
MP_mix_79,mlop,0.38011,0.57439,1.03568,0.74063,1
MP_mix_79,pythia,0.396,0.56656,1.26797,0.74225,1
MP_mix_82,nopref,1.09691,0.40066,0.99817,0.34002,1
MP_mix_82,spp,0.98597,0.39401,1.07421,0.66984,1
MP_mix_82,bingo,1.25724,0.38881,1.00538,0.81958,1
MP_mix_82,mlop,1.24509,0.3891,1.12038,0.84105,1
MP_mix_82,pythia,1.28042,0.39873,1.13313,0.69091,1
MP_mix_84,nopref,0.6092,0.62508,0.60505,0.6085,1
MP_mix_84,spp,1.10575,0.54988,0.70628,1.10532,1
MP_mix_84,bingo,1.03338,0.83885,0.70914,1.03344,1
MP_mix_84,mlop,1.15326,0.69793,0.71822,1.15376,1
MP_mix_84,pythia,1.17689,0.81051,0.70681,1.17668,1
MP_mix_87,nopref,0.11981,0.36457,0.23534,0.44172,1
MP_mix_87,spp,0.06801,0.91286,0.38299,0.52752,1
MP_mix_87,bingo,0.09471,0.78474,0.38788,0.52742,1
MP_mix_87,mlop,0.07169,0.88184,0.40081,0.57579,1
MP_mix_87,pythia,0.08768,0.85527,0.38653,0.55766,1
MP_mix_89,nopref,0.45142,0.36933,0.31918,0.59942,1
MP_mix_89,spp,0.95334,0.49314,0.38274,0.92572,1
MP_mix_89,bingo,0.77335,0.62151,0.37088,0.88633,1
MP_mix_89,mlop,0.95416,0.71184,0.34052,0.87897,1
MP_mix_89,pythia,0.9496,0.65273,0.38839,0.87752,1
MP_mix_91,nopref,0.15947,0.44359,0.36746,0.6869,1
MP_mix_91,spp,0.11781,1.02558,0.41681,1.0708,1
MP_mix_91,bingo,0.10282,0.99886,0.39577,1.03679,1
MP_mix_91,mlop,0.1087,1.13265,0.39084,0.92862,1
MP_mix_91,pythia,0.12811,0.92275,0.40458,1.02466,1
MP_mix_92,nopref,0.42913,0.55889,0.08956,0.43049,1
MP_mix_92,spp,0.69222,0.56778,0.05867,0.84759,1
MP_mix_92,bingo,0.70889,0.69177,0.0763,0.87778,1
MP_mix_92,mlop,0.5142,0.48308,0.07615,0.9041,1
MP_mix_92,pythia,0.55823,0.68803,0.08778,0.87126,1
MP_mix_93,nopref,0.31683,0.2351,0.24252,0.53327,1
MP_mix_93,spp,0.37073,0.21299,0.20704,1.02162,1
MP_mix_93,bingo,0.50486,0.23319,0.23802,0.96605,1
MP_mix_93,mlop,0.40704,0.21668,0.20518,1.04054,1
MP_mix_93,pythia,0.44965,0.26321,0.23183,1.02007,1
MP_mix_95,nopref,0.12064,0.69745,0.45519,0.45961,1
MP_mix_95,spp,0.08684,1.16404,0.60614,0.41986,1
MP_mix_95,bingo,0.12446,1.05592,0.57605,0.45979,1
MP_mix_95,mlop,0.09077,1.0393,0.62718,0.44778,1
MP_mix_95,pythia,0.12308,1.03773,0.60873,0.52697,1
MP_mix_96,nopref,0.52179,0.63222,0.88971,0.28276,1
MP_mix_96,spp,1.05049,0.97271,1.21592,0.23833,1
MP_mix_96,bingo,0.85831,0.9579,1.19669,0.24951,1
MP_mix_96,mlop,1.0565,0.99626,1.21507,0.23184,1
MP_mix_96,pythia,1.10428,0.96511,1.21729,0.25986,1
MP_mix_97,nopref,0.5194,0.87811,0.30113,0.8286,1
MP_mix_97,spp,1.01458,1.25064,0.5253,0.8906,1
MP_mix_97,bingo,0.96385,1.22761,0.58465,0.93771,1
MP_mix_97,mlop,0.9184,1.24694,0.56532,0.78524,1
MP_mix_97,pythia,1.03241,1.25253,0.54544,0.9871,1
MP_mix_100,nopref,0.46575,0.32102,0.16505,0.61981,1
MP_mix_100,spp,0.53725,0.34859,0.15142,1.00477,1
MP_mix_100,bingo,0.56616,0.41009,0.14538,1.02254,1
MP_mix_100,mlop,0.55312,0.34823,0.14554,1.04642,1
MP_mix_100,pythia,0.50282,0.3773,0.18517,1.02365,1
MP_mix_101,nopref,0.50551,0.38076,0.50236,0.11279,1
MP_mix_101,spp,0.64224,0.81498,0.68584,0.07041,1
MP_mix_101,bingo,0.71943,0.65517,0.58611,0.06817,1
MP_mix_101,mlop,0.55592,0.67968,0.76554,0.06533,1
MP_mix_101,pythia,0.61695,0.83158,0.72443,0.07988,1
MP_mix_102,nopref,0.28591,0.16736,0.22703,0.17057,1
MP_mix_102,spp,0.3412,0.17968,0.25686,0.16138,1
MP_mix_102,bingo,0.30273,0.15567,0.20127,0.11838,1
MP_mix_102,mlop,0.31631,0.16501,0.24633,0.13665,1
MP_mix_102,pythia,0.39054,0.1761,0.22972,0.17105,1
MP_mix_103,nopref,0.92383,0.05229,0.99117,0.30465,1
MP_mix_103,spp,1.35287,0.21713,1.04107,0.5431,1
MP_mix_103,bingo,1.35019,0.27223,0.89777,0.59913,1
MP_mix_103,mlop,1.36564,0.27297,1.08421,0.57183,1
MP_mix_103,pythia,1.36603,0.21959,1.11686,0.54889,1
MP_mix_104,nopref,0.64085,0.51668,0.41469,0.64092,1
MP_mix_104,spp,0.98045,0.97107,1.15342,0.98051,1
MP_mix_104,bingo,0.95299,0.75821,1.11877,0.95331,1
MP_mix_104,mlop,0.98517,0.94978,1.2059,0.98468,1
MP_mix_104,pythia,0.98672,1.00729,1.05211,0.98649,1
MP_mix_106,nopref,0.11219,0.48223,0.88765,0.61655,1
MP_mix_106,spp,0.07818,0.37524,1.26596,1.19909,1
MP_mix_106,bingo,0.09664,0.49612,1.24662,1.0351,1
MP_mix_106,mlop,0.0852,0.47024,1.26653,1.28818,1
MP_mix_106,pythia,0.10049,0.58983,1.26561,1.28075,1
MP_mix_107,nopref,0.58323,0.95999,0.6627,0.79517,1
MP_mix_107,spp,0.70452,1.35656,1.00021,1.03755,1
MP_mix_107,bingo,0.70385,1.35974,1.00167,1.02284,1
MP_mix_107,mlop,0.71498,1.37341,1.01322,0.99522,1
MP_mix_107,pythia,0.70414,1.37106,1.01115,1.04594,1
MP_mix_110,nopref,0.20827,0.59841,0.80559,0.65574,1
MP_mix_110,spp,0.127,0.9636,1.18535,0.83927,1
MP_mix_110,bingo,0.16599,0.93224,1.13094,1.07953,1
MP_mix_110,mlop,0.13698,0.97551,1.18736,1.09311,1
MP_mix_110,pythia,0.16532,0.97419,1.18777,1.0558,1
MP_mix_111,nopref,0.52989,0.76381,0.3031,0.7958,1
MP_mix_111,spp,0.9743,0.77245,0.69126,1.24272,1
MP_mix_111,bingo,0.81163,1.15511,0.62079,1.20117,1
MP_mix_111,mlop,1.12625,0.78323,0.70097,1.25049,1
MP_mix_111,pythia,1.04514,0.95947,0.66108,1.22255,1
MP_mix_116,nopref,0.81408,0.13526,0.16339,1.01912,1
MP_mix_116,spp,0.81962,0.15015,0.16608,0.97182,1
MP_mix_116,bingo,0.78415,0.16321,0.15341,0.8797,1
MP_mix_116,mlop,0.81292,0.14457,0.16027,0.94597,1
MP_mix_116,pythia,0.82931,0.1659,0.16712,0.97403,1
MP_mix_117,nopref,0.91567,0.16818,0.83222,0.36989,1
MP_mix_117,spp,1.34187,0.11088,0.88226,1.0131,1
MP_mix_117,bingo,1.33131,0.13309,0.93646,1.08078,1
MP_mix_117,mlop,1.35492,0.10418,0.85718,1.1764,1
MP_mix_117,pythia,1.36203,0.13246,0.99715,0.94067,1
MP_mix_121,nopref,0.49269,0.42463,0.339,0.165,1
MP_mix_121,spp,0.6092,0.73606,0.39119,0.13478,1
MP_mix_121,bingo,0.59116,0.76832,0.38869,0.20195,1
MP_mix_121,mlop,0.64104,0.77149,0.37351,0.14449,1
MP_mix_121,pythia,0.62235,0.77159,0.39488,0.19381,1
MP_mix_123,nopref,0.98171,0.67373,0.30642,0.93455,1
MP_mix_123,spp,1.3578,1.12909,0.28145,1.22637,1
MP_mix_123,bingo,1.36448,1.0758,0.32526,1.21921,1
MP_mix_123,mlop,1.37561,1.15386,0.29103,1.22838,1
MP_mix_123,pythia,1.37574,1.17694,0.32059,1.22763,1
MP_mix_124,nopref,0.29477,0.13597,0.77083,0.24504,1
MP_mix_124,spp,0.26814,0.11839,1.58096,0.26279,1
MP_mix_124,bingo,0.27142,0.12421,1.4506,0.29748,1
MP_mix_124,mlop,0.2565,0.11757,1.65343,0.27942,1
MP_mix_124,pythia,0.29616,0.1342,1.64078,0.29552,1
MP_mix_126,nopref,0.25557,0.27967,0.49733,0.10848,1
MP_mix_126,spp,0.56415,0.39208,1.03648,0.06789,1
MP_mix_126,bingo,0.56054,0.40932,0.88748,0.07562,1
MP_mix_126,mlop,0.60369,0.40847,0.8645,0.0713,1
MP_mix_126,pythia,0.52359,0.40777,1.06571,0.08819,1
MP_mix_127,nopref,0.8649,0.92331,0.30769,0.68005,1
MP_mix_127,spp,1.32868,0.96012,0.80867,0.78684,1
MP_mix_127,bingo,1.29205,0.72492,0.83088,1.07112,1
MP_mix_127,mlop,1.33805,1.06122,0.93698,0.7447,1
MP_mix_127,pythia,1.33787,1.10568,0.71446,0.81915,1
MP_mix_128,nopref,0.1381,0.62685,0.35351,0.1679,1
MP_mix_128,spp,0.09056,0.90538,0.47266,0.11562,1
MP_mix_128,bingo,0.0978,1.00835,0.40962,0.12963,1
MP_mix_128,mlop,0.09054,0.79776,0.45824,0.12126,1
MP_mix_128,pythia,0.11171,0.82507,0.45629,0.13749,1
MP_mix_134,nopref,0.54619,0.05197,0.22321,0.22485,1
MP_mix_134,spp,0.76684,0.02085,0.1961,0.332,1
MP_mix_134,bingo,0.68981,0.02511,0.3587,0.47968,1
MP_mix_134,mlop,0.74869,0.03909,0.2832,0.39354,1
MP_mix_134,pythia,0.88386,0.03632,0.36276,0.31751,1
MP_mix_136,nopref,1.02368,0.20742,0.40135,0.58794,1
MP_mix_136,spp,1.12918,0.20078,0.39958,0.76321,1
MP_mix_136,bingo,1.16607,0.22495,0.39566,0.83085,1
MP_mix_136,mlop,1.07751,0.20331,0.39784,0.87699,1
MP_mix_136,pythia,1.24316,0.22194,0.4007,0.88317,1
MP_mix_137,nopref,0.91017,0.89358,0.65936,0.63019,1
MP_mix_137,spp,1.26036,1.55557,0.99376,1.1671,1
MP_mix_137,bingo,1.25477,1.69112,1.00149,1.0941,1
MP_mix_137,mlop,1.26243,1.67117,1.00725,1.27121,1
MP_mix_137,pythia,1.25976,1.69186,1.00747,1.26581,1
MP_mix_138,nopref,0.61366,0.20633,0.19457,0.30069,1
MP_mix_138,spp,1.12235,0.2066,0.16763,0.26798,1
MP_mix_138,bingo,0.99419,0.31002,0.18175,0.29213,1
MP_mix_138,mlop,1.14765,0.2437,0.17089,0.27957,1
MP_mix_138,pythia,1.18093,0.30542,0.19268,0.31119,1
MP_mix_139,nopref,0.90805,0.67275,0.36476,0.27425,1
MP_mix_139,spp,1.21698,0.99683,0.3218,0.20799,1
MP_mix_139,bingo,1.20445,0.99687,0.44092,0.25806,1
MP_mix_139,mlop,1.21921,1.0108,0.37805,0.23459,1
MP_mix_139,pythia,1.21708,1.0103,0.42067,0.24412,1
MP_mix_142,nopref,0.97931,0.24223,0.68692,0.59703,1
MP_mix_142,spp,1.06486,0.26899,0.95963,1.30553,1
MP_mix_142,bingo,0.96048,0.35041,0.95419,1.22799,1
MP_mix_142,mlop,1.11875,0.32354,0.81191,1.30669,1
MP_mix_142,pythia,1.13388,0.32289,0.95843,1.385,1
MP_mix_143,nopref,0.62245,0.29853,0.99771,0.52186,1
MP_mix_143,spp,0.98131,0.52968,1.4931,0.9417,1
MP_mix_143,bingo,0.9705,0.57144,1.47714,0.88079,1
MP_mix_143,mlop,0.99011,0.55673,1.50441,0.82205,1
MP_mix_143,pythia,0.99142,0.52894,1.50901,0.99629,1
MP_mix_145,nopref,0.21065,0.79632,0.67764,0.31698,1
MP_mix_145,spp,0.19839,0.63748,1.03296,0.35816,1
MP_mix_145,bingo,0.24442,0.74903,1.17571,0.25986,1
MP_mix_145,mlop,0.1991,0.59533,0.86174,0.36741,1
MP_mix_145,pythia,0.23184,0.8818,1.00664,0.36872,1
MP_mix_147,nopref,0.364,0.32725,0.20236,0.22756,1
MP_mix_147,spp,0.67648,0.7013,0.14432,0.13754,1
MP_mix_147,bingo,0.69528,0.70046,0.13021,0.17386,1
MP_mix_147,mlop,0.75313,0.76787,0.13388,0.14281,1
MP_mix_147,pythia,0.68495,0.68434,0.1648,0.20799,1
MP_mix_150,nopref,0.80732,0.68329,0.37754,0.21542,1
MP_mix_150,spp,0.89263,1.15268,0.44356,0.50733,1
MP_mix_150,bingo,0.65165,1.0918,0.42895,0.55198,1
MP_mix_150,mlop,1.01707,1.15736,0.4061,0.58591,1
MP_mix_150,pythia,1.05369,1.10667,0.44153,0.44212,1
MP_mix_151,nopref,0.29534,0.403,0.37842,0.20451,1
MP_mix_151,spp,0.42098,0.40224,0.37791,0.1914,1
MP_mix_151,bingo,0.46018,0.39767,0.38256,0.2115,1
MP_mix_151,mlop,0.45143,0.3998,0.37814,0.19254,1
MP_mix_151,pythia,0.4648,0.40381,0.3677,0.21814,1
MP_mix_152,nopref,0.1258,0.76352,0.34403,0.40433,1
MP_mix_152,spp,0.08129,1.33113,0.32361,0.53552,1
MP_mix_152,bingo,0.08935,1.29605,0.33303,0.51191,1
MP_mix_152,mlop,0.07901,1.35054,0.31964,0.53826,1
MP_mix_152,pythia,0.09734,1.32745,0.33856,0.53007,1
MP_mix_154,nopref,0.76379,0.45539,0.83808,0.83799,1
MP_mix_154,spp,1.04615,0.59225,1.03138,1.04152,1
MP_mix_154,bingo,1.35116,0.59576,0.76038,0.76025,1
MP_mix_154,mlop,0.95956,0.60454,1.24363,1.24378,1
MP_mix_154,pythia,0.97499,0.58268,1.17408,1.17336,1
MP_mix_158,nopref,0.83145,1.36443,0.642,1.36436,1
MP_mix_158,spp,1.54016,1.3539,1.29947,1.35378,1
MP_mix_158,bingo,1.51331,1.37898,1.26223,1.37797,1
MP_mix_158,mlop,1.60512,1.36589,1.37658,1.36598,1
MP_mix_158,pythia,1.59448,1.37233,1.33474,1.37248,1
MP_mix_160,nopref,0.99344,1.19891,0.99192,0.94062,1
MP_mix_160,spp,1.35775,1.05097,1.35779,1.27738,1
MP_mix_160,bingo,1.3674,1.19615,1.36738,1.27304,1
MP_mix_160,mlop,1.37582,1.19552,1.37577,1.27953,1
MP_mix_160,pythia,1.37491,1.20148,1.37489,1.27845,1
MP_mix_161,nopref,0.21485,0.55719,0.85612,0.50077,1
MP_mix_161,spp,0.2285,1.0137,1.60085,0.61756,1
MP_mix_161,bingo,0.32663,1.00357,1.66333,0.62087,1
MP_mix_161,mlop,0.25664,1.03342,1.64873,0.62376,1
MP_mix_161,pythia,0.31171,1.03052,1.69104,0.62411,1
MP_mix_162,nopref,0.18528,0.17706,0.48338,0.13858,1
MP_mix_162,spp,0.24087,0.15281,0.6169,0.16457,1
MP_mix_162,bingo,0.27478,0.13436,0.61453,0.16757,1
MP_mix_162,mlop,0.24822,0.14029,0.62215,0.1676,1
MP_mix_162,pythia,0.27911,0.16527,0.62352,0.16903,1
MP_mix_164,nopref,0.97916,0.16086,0.67205,0.52119,1
MP_mix_164,spp,1.10771,0.34232,0.98804,1.18677,1
MP_mix_164,bingo,1.13497,0.36616,0.99559,1.42004,1
MP_mix_164,mlop,1.10337,0.37323,1.00182,1.45405,1
MP_mix_164,pythia,1.14834,0.34719,1.00166,1.36951,1
MP_mix_165,nopref,0.72777,0.622,0.3089,0.92691,1
MP_mix_165,spp,0.677,1.14573,0.66878,1.34786,1
MP_mix_165,bingo,1.0239,1.02871,0.71552,1.34906,1
MP_mix_165,mlop,0.88178,1.24264,0.73561,1.36589,1
MP_mix_165,pythia,0.92315,1.227,0.66006,1.36314,1
MP_mix_166,nopref,0.13521,0.91457,0.42058,0.27062,1
MP_mix_166,spp,0.13774,1.35443,0.68955,0.22695,1
MP_mix_166,bingo,0.12719,1.35043,0.65759,0.28404,1
MP_mix_166,mlop,0.1351,1.37251,0.57833,0.23309,1
MP_mix_166,pythia,0.14291,1.37265,0.59223,0.32324,1
MP_mix_167,nopref,0.43215,1.00343,0.17385,0.37006,1
MP_mix_167,spp,0.74315,1.36473,0.14088,0.35938,1
MP_mix_167,bingo,0.7712,1.37272,0.20627,0.36409,1
MP_mix_167,mlop,0.77964,1.38188,0.15788,0.3581,1
MP_mix_167,pythia,0.77898,1.38215,0.20542,0.37096,1
MP_mix_168,nopref,0.47956,0.1308,0.63377,0.21172,1
MP_mix_168,spp,1.09574,0.12749,0.92432,0.17674,1
MP_mix_168,bingo,1.09735,0.11946,0.82607,0.18296,1
MP_mix_168,mlop,1.19515,0.11841,0.81321,0.17149,1
MP_mix_168,pythia,1.03913,0.1306,0.91625,0.19649,1
MP_mix_169,nopref,0.62558,0.86299,0.92475,0.59481,1
MP_mix_169,spp,1.18369,0.88675,1.35176,0.67864,1
MP_mix_169,bingo,1.09454,1.10157,1.3586,0.7771,1
MP_mix_169,mlop,1.27183,0.93737,1.36854,0.67916,1
MP_mix_169,pythia,1.28335,1.19519,1.3699,0.71475,1
MP_mix_170,nopref,0.29473,0.46685,0.50804,0.36815,1
MP_mix_170,spp,0.4579,0.96078,0.94724,0.38014,1
MP_mix_170,bingo,0.53533,0.91926,0.88665,0.45923,1
MP_mix_170,mlop,0.53671,0.80464,0.8362,0.47479,1
MP_mix_170,pythia,0.43293,0.94779,0.96849,0.46439,1
MP_mix_171,nopref,0.42212,0.35664,0.26408,0.59659,1
MP_mix_171,spp,0.89049,0.47469,0.20199,0.95447,1
MP_mix_171,bingo,0.89548,0.40831,0.20123,0.91458,1
MP_mix_171,mlop,1.0227,0.39465,0.18419,0.97354,1
MP_mix_171,pythia,0.81514,0.42576,0.22907,0.9438,1
MP_mix_172,nopref,0.51185,0.51178,0.63545,0.35359,1
MP_mix_172,spp,0.98786,0.98819,0.97132,0.91503,1
MP_mix_172,bingo,0.94373,0.94035,1.00533,0.99334,1
MP_mix_172,mlop,0.73339,0.73615,0.98909,1.17952,1
MP_mix_172,pythia,0.98653,0.98623,0.94408,1.08812,1
MP_mix_175,nopref,0.18125,0.2126,0.80854,0.61716,1
MP_mix_175,spp,0.15236,0.1782,1.31307,0.98447,1
MP_mix_175,bingo,0.14484,0.18639,1.28614,0.96375,1
MP_mix_175,mlop,0.15207,0.18114,1.21133,0.99514,1
MP_mix_175,pythia,0.16874,0.19816,1.22377,0.99498,1
MP_mix_178,nopref,0.94124,1.00168,0.94926,0.36034,1
MP_mix_178,spp,1.21961,1.1429,1.23519,0.55648,1
MP_mix_178,bingo,1.21356,1.15517,1.22912,0.6078,1
MP_mix_178,mlop,1.2206,1.14051,1.23626,0.60527,1
MP_mix_178,pythia,1.22004,1.17675,1.23572,0.60233,1
MP_mix_179,nopref,0.15537,0.73678,0.46043,0.31789,1
MP_mix_179,spp,0.12695,0.98858,0.37472,0.65135,1
MP_mix_179,bingo,0.12433,0.70043,0.7143,0.74989,1
MP_mix_179,mlop,0.11304,1.22631,0.47444,0.72273,1
MP_mix_179,pythia,0.13657,1.13698,0.57493,0.60194,1
MP_mix_181,nopref,0.85108,0.98174,0.39172,0.95643,1
MP_mix_181,spp,1.22585,1.36367,0.56784,1.05313,1
MP_mix_181,bingo,1.2079,1.47436,0.65433,0.90165,1
MP_mix_181,mlop,1.2256,1.29826,0.69463,1.08979,1
MP_mix_181,pythia,1.22187,1.35243,0.70713,1.1166,1
MP_mix_182,nopref,1.05314,0.60191,0.66788,0.66876,1
MP_mix_182,spp,1.49899,1.19829,0.9925,0.99258,1
MP_mix_182,bingo,1.50575,1.17604,0.99912,0.99916,1
MP_mix_182,mlop,1.51685,1.26193,1.00549,1.00561,1
MP_mix_182,pythia,1.51669,1.26784,1.00614,1.00627,1
MP_mix_183,nopref,0.89774,0.12289,0.961,0.65547,1
MP_mix_183,spp,1.21429,0.09015,1.35726,0.98585,1
MP_mix_183,bingo,1.19553,0.11789,1.35196,0.98101,1
MP_mix_183,mlop,1.21298,0.12548,1.37186,0.99692,1
MP_mix_183,pythia,1.21235,0.13142,1.37154,0.99737,1
MP_mix_188,nopref,0.41679,0.26011,0.51185,0.13089,1
MP_mix_188,spp,0.99616,0.20549,0.73392,0.07852,1
MP_mix_188,bingo,0.83147,0.30464,0.63387,0.0702,1
MP_mix_188,mlop,1.07064,0.22344,0.66853,0.07025,1
MP_mix_188,pythia,1.00074,0.307,0.6965,0.0915,1
MP_mix_191,nopref,0.47698,0.13373,0.17015,0.42336,1
MP_mix_191,spp,0.93327,0.13602,0.17722,0.96507,1
MP_mix_191,bingo,0.73653,0.15859,0.2037,0.91829,1
MP_mix_191,mlop,0.7642,0.15498,0.16281,1.01036,1
MP_mix_191,pythia,0.93726,0.1632,0.20379,0.80788,1
MP_mix_195,nopref,0.7725,0.2306,0.15555,0.73441,1
MP_mix_195,spp,1.07727,0.19587,0.13252,1.27088,1
MP_mix_195,bingo,1.0499,0.23983,0.11955,1.23529,1
MP_mix_195,mlop,1.0774,0.21641,0.12318,1.16668,1
MP_mix_195,pythia,1.07519,0.24941,0.13733,1.11219,1
MP_mix_197,nopref,0.28724,0.16639,0.20371,0.59055,1
MP_mix_197,spp,0.36082,0.15604,0.17206,1.11279,1
MP_mix_197,bingo,0.48874,0.14608,0.16876,0.95279,1
MP_mix_197,mlop,0.44625,0.14526,0.17565,1.1435,1
MP_mix_197,pythia,0.44506,0.15748,0.20226,1.17472,1
MP_mix_198,nopref,0.36037,0.25904,0.13406,0.49049,1
MP_mix_198,spp,0.39338,0.55425,0.09379,0.68186,1
MP_mix_198,bingo,0.34093,0.57308,0.11983,0.6783,1
MP_mix_198,mlop,0.40842,0.5771,0.08959,0.6844,1
MP_mix_198,pythia,0.39402,0.53584,0.11736,0.68777,1
MP_mix_199,nopref,0.853,0.64792,0.39915,0.07425,1
MP_mix_199,spp,1.24239,1.22769,0.85572,0.0429,1
MP_mix_199,bingo,1.2274,1.19236,0.89953,0.05837,1
MP_mix_199,mlop,1.24057,1.24881,0.86793,0.09315,1
MP_mix_199,pythia,1.23459,1.20459,0.82002,0.0859,1
MP_mix_200,nopref,0.14935,0.5019,0.91844,0.96414,1
MP_mix_200,spp,0.12688,0.61787,1.248,1.36056,1
MP_mix_200,bingo,0.1535,0.62142,1.2405,1.36667,1
MP_mix_200,mlop,0.15395,0.62441,1.25093,1.37935,1
MP_mix_200,pythia,0.16082,0.62441,1.25046,1.37924,1
MP_mix_201,nopref,0.82822,0.38625,0.37912,0.61712,1
MP_mix_201,spp,1.20897,0.49161,0.46562,0.71334,1
MP_mix_201,bingo,1.17933,0.49234,0.54573,0.81964,1
MP_mix_201,mlop,1.20452,0.53763,0.46582,0.80736,1
MP_mix_201,pythia,1.19746,0.53029,0.50862,0.79365,1
MP_mix_202,nopref,0.38453,0.44586,0.56058,0.52601,1
MP_mix_202,spp,0.45195,0.5473,1.05928,1.03447,1
MP_mix_202,bingo,0.53326,0.57884,1.02012,1.0029,1
MP_mix_202,mlop,0.54244,0.59644,0.94496,0.92027,1
MP_mix_202,pythia,0.50719,0.55817,1.05597,1.00215,1
MP_mix_205,nopref,0.47165,0.19669,0.94933,0.22751,1
MP_mix_205,spp,0.87014,0.25095,0.89689,0.21207,1
MP_mix_205,bingo,0.80007,0.28318,0.81056,0.18666,1
MP_mix_205,mlop,1.00245,0.24975,0.80265,0.19505,1
MP_mix_205,pythia,0.88807,0.29847,1.12671,0.22061,1
MP_mix_207,nopref,0.52845,0.88439,0.62065,0.39927,1
MP_mix_207,spp,0.72699,1.23095,1.09427,0.39713,1
MP_mix_207,bingo,0.71531,1.22464,1.08535,0.40754,1
MP_mix_207,mlop,0.74208,1.23283,0.97974,0.39885,1
MP_mix_207,pythia,0.7425,1.23188,1.1374,0.38669,1
MP_mix_208,nopref,0.944,0.23613,0.61496,0.94316,1
MP_mix_208,spp,1.35792,0.20695,1.1195,1.35796,1
MP_mix_208,bingo,1.36521,0.24784,1.02617,1.36518,1
MP_mix_208,mlop,1.37516,0.22374,1.157,1.37515,1
MP_mix_208,pythia,1.37454,0.23388,1.18102,1.37454,1
MP_mix_211,nopref,0.52285,0.28785,0.23772,0.66187,1
MP_mix_211,spp,0.49397,0.30027,0.39446,0.99112,1
MP_mix_211,bingo,0.64566,0.37698,0.3955,0.99298,1
MP_mix_211,mlop,0.52757,0.32856,0.41141,1.00474,1
MP_mix_211,pythia,0.64487,0.39937,0.39845,1.0054,1
MP_mix_212,nopref,0.66175,0.89162,0.48769,0.13488,1
MP_mix_212,spp,0.99279,1.21832,0.49132,0.11142,1
MP_mix_212,bingo,0.99608,1.20986,0.47637,0.13193,1
MP_mix_212,mlop,1.00596,1.22014,0.54935,0.11665,1
MP_mix_212,pythia,1.00681,1.22002,0.53079,0.12687,1
MP_mix_215,nopref,0.23814,0.60238,0.65011,0.54564,1
MP_mix_215,spp,0.20507,1.10135,0.90241,1.0559,1
MP_mix_215,bingo,0.26427,1.00644,1.10758,0.9776,1
MP_mix_215,mlop,0.2109,1.13222,0.85271,1.08281,1
MP_mix_215,pythia,0.23804,1.17005,1.13517,1.10629,1
MP_mix_220,nopref,0.09913,0.37091,0.16484,1.00231,1
MP_mix_220,spp,0.08059,0.36419,0.35077,1.36442,1
MP_mix_220,bingo,0.10466,0.36799,0.36616,1.37231,1
MP_mix_220,mlop,0.11867,0.36114,0.37663,1.38048,1
MP_mix_220,pythia,0.1361,0.37023,0.35652,1.37974,1
MP_mix_221,nopref,0.30736,0.56177,0.56179,0.53861,1
MP_mix_221,spp,0.30327,0.97007,0.97026,0.78376,1
MP_mix_221,bingo,0.39475,0.93043,0.93038,0.73448,1
MP_mix_221,mlop,0.43384,0.97939,0.97972,0.73505,1
MP_mix_221,pythia,0.45677,0.94655,0.94608,0.73223,1
MP_mix_222,nopref,0.61817,0.33778,0.2508,0.63895,1
MP_mix_222,spp,1.31798,0.39073,0.20249,1.12509,1
MP_mix_222,bingo,1.2536,0.38676,0.26165,1.11476,1
MP_mix_222,mlop,1.30591,0.37027,0.20393,1.15013,1
MP_mix_222,pythia,1.39424,0.39401,0.23019,1.12238,1
MP_mix_223,nopref,0.5739,0.48396,0.35771,0.3065,1
MP_mix_223,spp,1.05949,0.6999,0.7941,0.46998,1
MP_mix_223,bingo,0.97839,0.64619,0.85455,0.5297,1
MP_mix_223,mlop,1.05553,0.71027,0.96173,0.50252,1
MP_mix_223,pythia,1.00196,0.7236,0.98111,0.47528,1
MP_mix_224,nopref,0.93702,0.29234,0.2897,0.67647,1
MP_mix_224,spp,1.22559,0.27307,0.25687,1.12595,1
MP_mix_224,bingo,1.21751,0.29966,0.3423,1.05661,1
MP_mix_224,mlop,1.22781,0.27238,0.27031,1.14441,1
MP_mix_224,pythia,1.22761,0.3056,0.35746,1.17558,1
MP_mix_226,nopref,0.36978,0.35374,0.61241,0.95857,1
MP_mix_226,spp,0.35784,0.36914,1.12147,1.36137,1
MP_mix_226,bingo,0.36716,0.53908,0.99496,1.36993,1
MP_mix_226,mlop,0.35589,0.47861,1.1569,1.37927,1
MP_mix_226,pythia,0.37059,0.52411,1.1787,1.37883,1
MP_mix_227,nopref,0.92542,0.4254,1.34636,0.52025,1
MP_mix_227,spp,1.34981,0.90388,1.32492,1.0102,1
MP_mix_227,bingo,1.35408,0.87512,1.35895,0.97061,1
MP_mix_227,mlop,1.36695,0.9663,1.34077,0.87241,1
MP_mix_227,pythia,1.36686,0.93397,1.3554,1.05343,1
MP_mix_228,nopref,0.16567,0.32805,0.21295,0.26892,1
MP_mix_228,spp,0.16244,0.49536,0.21587,0.33096,1
MP_mix_228,bingo,0.12802,0.49345,0.19456,0.41157,1
MP_mix_228,mlop,0.13362,0.51167,0.19026,0.36559,1
MP_mix_228,pythia,0.16341,0.51171,0.25167,0.39802,1
MP_mix_229,nopref,0.40253,0.93235,0.3089,0.31618,1
MP_mix_229,spp,0.39556,1.21766,0.46104,0.37228,1
MP_mix_229,bingo,0.40565,1.20784,0.5307,0.56425,1
MP_mix_229,mlop,0.39728,1.21711,0.49378,0.44578,1
MP_mix_229,pythia,0.38801,1.21898,0.5116,0.57242,1
MP_mix_230,nopref,0.87292,0.45064,0.89771,0.78371,1
MP_mix_230,spp,1.26911,0.42365,1.3487,1.52654,1
MP_mix_230,bingo,1.42127,0.40147,1.34113,1.4375,1
MP_mix_230,mlop,1.1238,0.47073,1.36268,1.59531,1
MP_mix_230,pythia,1.21548,0.47012,1.36287,1.57351,1
MP_mix_231,nopref,0.64406,0.24383,0.29103,0.0873,1
MP_mix_231,spp,0.99506,0.22826,0.33235,0.07,1
MP_mix_231,bingo,0.99005,0.21549,0.3515,0.07702,1
MP_mix_231,mlop,1.00662,0.21508,0.35004,0.08776,1
MP_mix_231,pythia,1.00553,0.24086,0.39346,0.09631,1
MP_mix_233,nopref,0.94403,1.08441,0.28136,0.24633,1
MP_mix_233,spp,1.354,1.00457,0.36008,0.39762,1
MP_mix_233,bingo,1.36012,1.17744,0.50074,0.40495,1
MP_mix_233,mlop,1.3715,0.92442,0.37166,0.41344,1
MP_mix_233,pythia,1.37205,1.28544,0.42954,0.40661,1
MP_mix_235,nopref,0.29795,0.32518,0.41015,0.12434,1
MP_mix_235,spp,0.5523,0.62414,0.51635,0.10478,1
MP_mix_235,bingo,0.58438,0.64087,0.46929,0.08458,1
MP_mix_235,mlop,0.58761,0.66458,0.53756,0.0864,1
MP_mix_235,pythia,0.54446,0.5962,0.52673,0.10743,1
MP_mix_238,nopref,0.42529,0.72273,0.40833,0.3753,1
MP_mix_238,spp,0.60989,0.64132,0.96015,0.48251,1
MP_mix_238,bingo,0.60473,0.63996,0.78369,0.47546,1
MP_mix_238,mlop,0.61731,0.63115,0.95445,0.47476,1
MP_mix_238,pythia,0.6143,0.67249,0.95418,0.45548,1
MP_mix_240,nopref,0.84235,0.91946,0.13878,0.22477,1
MP_mix_240,spp,1.30006,1.04364,0.13319,0.2643,1
MP_mix_240,bingo,1.15883,0.62038,0.10789,0.26169,1
MP_mix_240,mlop,1.11508,1.06908,0.11564,0.24027,1
MP_mix_240,pythia,1.17175,1.10842,0.12892,0.31883,1
MP_mix_241,nopref,0.22916,0.32296,0.60997,0.43638,1
MP_mix_241,spp,0.38151,0.70166,1.15628,0.4719,1
MP_mix_241,bingo,0.39302,0.7515,1.0391,0.49225,1
MP_mix_241,mlop,0.39823,0.75762,1.23494,0.50064,1
MP_mix_241,pythia,0.37867,0.66506,1.21375,0.48544,1
MP_mix_244,nopref,0.17943,0.38555,0.90752,0.88358,1
MP_mix_244,spp,0.09552,1.09897,1.05023,1.33202,1
MP_mix_244,bingo,0.11775,1.0034,1.11932,1.2869,1
MP_mix_244,mlop,0.09315,1.1709,1.0004,1.34158,1
MP_mix_244,pythia,0.12198,0.99595,1.15093,1.3395,1
MP_mix_246,nopref,0.33671,0.84187,0.51601,0.38322,1
MP_mix_246,spp,0.39011,1.20961,0.95951,0.50674,1
MP_mix_246,bingo,0.38969,1.20316,0.96728,0.53082,1
MP_mix_246,mlop,0.36608,1.20816,0.97991,0.54988,1
MP_mix_246,pythia,0.39434,1.21005,0.97596,0.47607,1
MP_mix_247,nopref,0.32193,0.80368,0.13155,0.94258,1
MP_mix_247,spp,0.70644,1.53974,0.11717,1.08949,1
MP_mix_247,bingo,0.73018,1.421,0.11097,1.05956,1
MP_mix_247,mlop,0.76186,1.61831,0.11116,1.08051,1
MP_mix_247,pythia,0.67985,1.58863,0.12226,1.12113,1
MP_mix_253,nopref,0.917,0.99081,0.99283,0.68216,1
MP_mix_253,spp,1.21954,1.35805,1.36736,1.00384,1
MP_mix_253,bingo,1.21645,1.36748,1.37638,1.01222,1
MP_mix_253,mlop,1.22223,1.37604,1.38514,1.01892,1
MP_mix_253,pythia,1.2216,1.37571,1.38471,1.01954,1
MP_mix_255,nopref,0.21893,0.35864,0.59692,0.16902,1
MP_mix_255,spp,0.16391,0.88493,1.12222,0.12121,1
MP_mix_255,bingo,0.20098,0.81623,0.98643,0.14482,1
MP_mix_255,mlop,0.17317,0.90106,1.23139,0.11604,1
MP_mix_255,pythia,0.19628,0.83856,1.20955,0.13485,1
MP_mix_258,nopref,0.08337,0.98444,1.15355,0.68493,1
MP_mix_258,spp,0.07607,1.36418,1.08047,0.81088,1
MP_mix_258,bingo,0.08503,1.37252,1.05787,0.80761,1
MP_mix_258,mlop,0.1453,1.37981,0.98552,0.80933,1
MP_mix_258,pythia,0.15637,1.37467,1.05079,0.80826,1
MP_mix_260,nopref,0.26976,0.21326,0.48056,0.31239,1
MP_mix_260,spp,0.22322,0.15608,0.6802,0.76537,1
MP_mix_260,bingo,0.30454,0.15929,0.6743,0.61208,1
MP_mix_260,mlop,0.24909,0.15421,0.68782,0.76011,1
MP_mix_260,pythia,0.33407,0.17521,0.68603,0.73602,1
MP_mix_262,nopref,0.4372,0.81178,0.88588,0.3472,1
MP_mix_262,spp,0.92731,1.07806,1.23187,0.31832,1
MP_mix_262,bingo,0.8882,1.07178,1.22233,0.41813,1
MP_mix_262,mlop,0.98454,1.07902,1.23238,0.31262,1
MP_mix_262,pythia,0.97373,1.08071,1.23563,0.38137,1
MP_mix_263,nopref,0.90976,0.7026,0.33696,0.14735,1
MP_mix_263,spp,1.1597,0.99355,0.34412,0.14251,1
MP_mix_263,bingo,0.90901,1.00032,0.39162,0.26379,1
MP_mix_263,mlop,1.28611,1.00711,0.33449,0.19233,1
MP_mix_263,pythia,1.24252,1.00475,0.37481,0.19255,1
MP_mix_266,nopref,0.20818,0.67175,0.66787,0.38956,1
MP_mix_266,spp,0.16369,1.12038,1.11777,0.37627,1
MP_mix_266,bingo,0.1634,1.09669,1.10225,0.35934,1
MP_mix_266,mlop,0.1672,1.04113,1.0806,0.36951,1
MP_mix_266,pythia,0.18992,0.9971,1.01924,0.38139,1
MP_mix_273,nopref,0.61508,0.22774,0.26507,0.93611,1
MP_mix_273,spp,0.98223,0.3843,0.27918,1.33553,1
MP_mix_273,bingo,0.96622,0.38385,0.31958,1.39154,1
MP_mix_273,mlop,0.9916,0.40033,0.28058,1.23209,1
MP_mix_273,pythia,0.98935,0.38585,0.34434,1.30605,1
MP_mix_274,nopref,0.46966,0.80706,0.10135,0.59735,1
MP_mix_274,spp,0.49129,1.13555,0.07481,0.99558,1
MP_mix_274,bingo,0.351,0.95804,0.17219,0.88038,1
MP_mix_274,mlop,0.47417,0.96804,0.09472,0.76617,1
MP_mix_274,pythia,0.4882,1.06575,0.11141,0.86208,1
MP_mix_275,nopref,0.40402,0.51901,0.78115,0.29591,1
MP_mix_275,spp,0.65334,0.66169,1.31238,0.66437,1
MP_mix_275,bingo,0.69585,0.67603,1.27829,0.59136,1
MP_mix_275,mlop,0.78855,0.61424,1.33003,0.7344,1
MP_mix_275,pythia,0.67769,0.64865,1.2906,0.59845,1
MP_mix_277,nopref,0.48189,0.84976,0.88156,0.61136,1
MP_mix_277,spp,1.20076,0.84446,1.20356,1.04157,1
MP_mix_277,bingo,1.35366,1.0055,1.20572,0.98784,1
MP_mix_277,mlop,1.40201,0.64635,1.20591,1.07059,1
MP_mix_277,pythia,1.3713,0.99687,1.20569,1.13591,1
MP_mix_278,nopref,0.38277,0.91765,0.41708,0.2418,1
MP_mix_278,spp,0.9232,1.34699,0.75899,0.25683,1
MP_mix_278,bingo,0.87138,1.34902,0.81685,0.3356,1
MP_mix_278,mlop,0.92357,1.36536,0.82189,0.3155,1
MP_mix_278,pythia,0.91366,1.36335,0.8306,0.32375,1
