Trace,Exp,Core_0_IPC,Core_0_LLC_total_miss,Core_0_LLC_load_miss,Core_0_LLC_RFO_miss,Core_0_LLC_writeback_miss,Filter
403.gcc-16B,nopref,0.37795,10172565,4861853,2300444,3010268,1
403.gcc-16B,spp,0.48323,9650368,2397866,2240121,2111972,1
403.gcc-16B,bingo,0.59126,13901432,991995,1994092,2356811,1
403.gcc-16B,mlop,0.54099,11102843,1515744,2034998,2061245,1
403.gcc-16B,pythia,0.55212,11758463,1461217,1960502,3028554,1
410.bwaves-1963B,nopref,0.57958,9619039,9028481,220227,370331,1
410.bwaves-1963B,spp,1.11796,9485768,341531,220226,220568,1
410.bwaves-1963B,bingo,0.99482,9615504,1197723,220227,381597,1
410.bwaves-1963B,mlop,1.13953,9524139,413464,220225,381964,1
410.bwaves-1963B,pythia,1.16512,9619015,179223,220227,370193,1
429.mcf-184B,nopref,0.08238,28484259,25913194,275582,2295483,1
429.mcf-184B,spp,0.08095,31076252,26743364,321236,2203998,1
429.mcf-184B,bingo,0.06716,209240785,27725113,150983,1775351,1
429.mcf-184B,mlop,0.09486,61250191,20561883,410406,2953803,1
429.mcf-184B,pythia,0.10395,42955043,17032896,354365,1558052,1
429.mcf-192B,nopref,0.06807,26692155,26684500,716,6939,1
429.mcf-192B,spp,0.06806,26712431,26690127,702,6596,1
429.mcf-192B,bingo,0.04671,293583173,40895981,1618,17577,1
429.mcf-192B,mlop,0.09996,45629008,13009234,1506,7411,1
429.mcf-192B,pythia,0.10689,41234461,9786188,1229,5177,1
429.mcf-51B,nopref,0.10178,27842372,23955028,381499,3505845,1
429.mcf-51B,spp,0.09962,30515140,24681574,471049,3298441,1
429.mcf-51B,bingo,0.08748,180601622,21940931,371880,3681016,1
429.mcf-51B,mlop,0.10661,57149397,21732821,644019,4549736,1
429.mcf-51B,pythia,0.11366,39748730,19479308,564076,2587258,1
433.milc-127B,nopref,0.42793,12905786,8321697,1600047,2984042,1
433.milc-127B,spp,0.61024,13031701,3274986,1593948,1865744,1
433.milc-127B,bingo,0.59618,12916034,4090682,1594684,2975567,1
433.milc-127B,mlop,0.58575,26829551,2697041,1596816,2350452,1
433.milc-127B,pythia,0.63143,13089090,3025654,1600042,2982819,1
436.cactusADM-1804B,nopref,0.3697,2428738,1324185,604673,499880,1
436.cactusADM-1804B,spp,0.3972,3260833,79139,734795,691508,1
436.cactusADM-1804B,bingo,0.40128,2435925,54361,605072,488898,1
436.cactusADM-1804B,mlop,0.38611,3030717,382076,677320,615157,1
436.cactusADM-1804B,pythia,0.40097,2423359,54455,603565,493781,1
437.leslie3d-149B,nopref,0.60311,4259093,2507934,962661,788498,1
437.leslie3d-149B,spp,1.08768,4360383,81372,985246,747191,1
437.leslie3d-149B,bingo,1.05946,4292590,200537,949390,776831,1
437.leslie3d-149B,mlop,0.99363,4248055,198118,956809,760347,1
437.leslie3d-149B,pythia,1.1296,4298208,76949,952756,792112,1
437.leslie3d-232B,nopref,0.5913,4427748,2615091,900041,912616,1
437.leslie3d-232B,spp,1.05265,4265804,87612,894854,709998,1
437.leslie3d-232B,bingo,1.03157,4455328,233041,890160,861601,1
437.leslie3d-232B,mlop,1.00397,4355196,151627,890278,768802,1
437.leslie3d-232B,pythia,1.09637,4423899,88344,891604,840929,1
437.leslie3d-265B,nopref,0.62022,3883294,2505457,685463,692374,1
437.leslie3d-265B,spp,1.06506,3963043,68826,744254,571198,1
437.leslie3d-265B,bingo,1.0471,3873456,189692,682202,649005,1
437.leslie3d-265B,mlop,1.00782,3943702,152065,702713,608992,1
437.leslie3d-265B,pythia,1.11704,3865543,46279,683648,648805,1
437.leslie3d-271B,nopref,0.60162,3883397,2506802,712798,663797,1
437.leslie3d-271B,spp,1.07741,4020918,68971,776472,583366,1
437.leslie3d-271B,bingo,1.05627,3890640,170991,709924,637459,1
437.leslie3d-271B,mlop,1.00674,3880033,161480,726008,607667,1
437.leslie3d-271B,pythia,1.12752,3889461,41982,711193,660857,1
445.gobmk-30B,nopref,0.37578,1556312,122595,753363,680354,1
445.gobmk-30B,spp,0.37704,1570136,92925,753350,671439,1
445.gobmk-30B,bingo,0.37868,1956010,79212,750451,684222,1
445.gobmk-30B,mlop,0.37749,1673573,78192,751967,678722,1
445.gobmk-30B,pythia,0.37862,1624597,71546,745648,673379,1
445.gobmk-36B,nopref,0.37997,1615516,163676,747980,703860,1
445.gobmk-36B,spp,0.38122,1624794,131676,749753,687926,1
445.gobmk-36B,bingo,0.38281,2016779,112919,739672,696508,1
445.gobmk-36B,mlop,0.38189,1965977,117627,744487,705597,1
445.gobmk-36B,pythia,0.38268,1709662,112331,741809,692991,1
450.soplex-247B,nopref,0.28131,15098224,11108916,2477996,1511312,1
450.soplex-247B,spp,0.33427,19429248,7664109,2565071,2180851,1
450.soplex-247B,bingo,0.37206,28061510,3307663,2734373,1358325,1
450.soplex-247B,mlop,0.33203,23327447,5621341,2635469,1744836,1
450.soplex-247B,pythia,0.39374,19615775,3578231,2587858,1854529,1
459.GemsFDTD-1211B,nopref,0.48018,4983052,3229096,17,1753939,1
459.GemsFDTD-1211B,spp,0.66235,3451465,257147,11,5633,1
459.GemsFDTD-1211B,bingo,0.65893,5212676,357165,17,1564555,1
459.GemsFDTD-1211B,mlop,0.68258,3773050,147741,16,117559,1
459.GemsFDTD-1211B,pythia,0.68152,5448214,262039,15,1748561,1
459.GemsFDTD-1418B,nopref,0.51512,3776430,3184717,20115,571598,1
459.GemsFDTD-1418B,spp,0.59889,4464852,1477643,26377,100372,1
459.GemsFDTD-1418B,bingo,0.57892,4081961,1795967,20341,632511,1
459.GemsFDTD-1418B,mlop,0.63106,4533792,1137974,21600,136409,1
459.GemsFDTD-1418B,pythia,0.61244,4587893,1248170,21917,616018,1
459.GemsFDTD-765B,nopref,0.5122,5024835,3288024,29,1736782,1
459.GemsFDTD-765B,spp,0.7055,3526269,278446,26,3036,1
459.GemsFDTD-765B,bingo,0.68792,5367361,435082,27,1540399,1
459.GemsFDTD-765B,mlop,0.72077,3935240,177676,30,140495,1
459.GemsFDTD-765B,pythia,0.71893,5554975,317160,21,1719098,1
462.libquantum-1343B,nopref,0.349,17710372,12693461,71,5016840,1
462.libquantum-1343B,spp,0.62953,12742790,994290,95,5850,1
462.libquantum-1343B,bingo,0.72432,17710550,596388,71,5016888,1
462.libquantum-1343B,mlop,0.72938,17711579,323226,71,5016842,1
462.libquantum-1343B,pythia,0.64728,17710438,492324,71,5016828,1
462.libquantum-714B,nopref,0.33606,20692027,12685981,52,8005994,1
462.libquantum-714B,spp,0.59718,12996039,1221787,97,11192,1
462.libquantum-714B,bingo,0.67644,20718076,639621,52,8031340,1
462.libquantum-714B,mlop,0.67837,20722970,357123,52,8035948,1
462.libquantum-714B,pythia,0.60599,20692112,547958,52,8005994,1
470.lbm-1274B,nopref,0.46547,25086475,3704883,10871956,10509636,1
470.lbm-1274B,spp,0.62967,25560840,336990,11111924,10743187,1
470.lbm-1274B,bingo,0.65141,25051944,150209,10869501,10477568,1
470.lbm-1274B,mlop,0.63154,25499228,175216,11089165,10704971,1
470.lbm-1274B,pythia,0.62699,25053639,239740,10869363,10479298,1
471.omnetpp-188B,nopref,0.25115,9561987,6919052,1109430,1533505,1
471.omnetpp-188B,spp,0.26506,10408306,5754716,1173257,894493,1
471.omnetpp-188B,bingo,0.29373,16134579,3859682,1067575,1209033,1
471.omnetpp-188B,mlop,0.26666,15440190,5612248,977418,1432037,1
471.omnetpp-188B,pythia,0.27778,13488026,4826063,984611,1678225,1
473.astar-359B,nopref,0.12383,26921359,9462865,7600563,9857931,1
473.astar-359B,spp,0.12583,30538790,8151747,8727576,10263226,1
473.astar-359B,bingo,0.13972,55324687,5702702,9258408,11467207,1
473.astar-359B,mlop,0.13519,37171274,6216117,8990570,11949239,1
473.astar-359B,pythia,0.13882,33708608,5815253,8578100,10550323,1
481.wrf-1254B,nopref,0.65707,2374959,1303994,474670,596295,1
481.wrf-1254B,spp,0.86523,2543635,56969,502831,457086,1
481.wrf-1254B,bingo,0.87072,2435312,65241,476296,597885,1
481.wrf-1254B,mlop,0.872,2582085,66026,500132,517645,1
481.wrf-1254B,pythia,0.87476,2415312,33430,474399,599904,1
481.wrf-196B,nopref,0.66903,2883132,2403873,31850,447409,1
481.wrf-196B,spp,1.19436,2536891,98234,31974,22517,1
481.wrf-196B,bingo,1.17802,2942390,189745,31301,506358,1
481.wrf-196B,mlop,1.23962,2634229,61675,31826,99415,1
481.wrf-196B,pythia,1.24218,2922241,54464,31677,447782,1
481.wrf-816B,nopref,0.66317,4433911,3034463,581024,818424,1
481.wrf-816B,spp,1.19015,4159370,163756,579792,441577,1
481.wrf-816B,bingo,1.16193,4713265,319036,578731,936698,1
481.wrf-816B,mlop,1.22982,4454205,138472,575284,642250,1
481.wrf-816B,pythia,1.21207,4568903,164969,580328,828331,1
482.sphinx3-1297B,nopref,0.75388,2738379,2695470,21195,21714,1
482.sphinx3-1297B,spp,0.92162,6399133,1306861,387996,325181,1
482.sphinx3-1297B,bingo,1.07973,5505970,495669,56513,50815,1
482.sphinx3-1297B,mlop,0.9421,4898063,1208685,207728,162891,1
482.sphinx3-1297B,pythia,1.11631,4326189,483036,18110,18368,1
482.sphinx3-1395B,nopref,0.81602,2065733,1993364,33098,39271,1
482.sphinx3-1395B,spp,0.99699,5649940,1053295,381573,292627,1
482.sphinx3-1395B,bingo,1.1527,4571774,426683,65894,53048,1
482.sphinx3-1395B,mlop,0.97552,4019434,1142071,165539,125134,1
482.sphinx3-1395B,pythia,1.14594,3217387,544448,27534,35688,1
483.xalancbmk-127B,nopref,0.28914,10302379,10250385,29608,22386,1
483.xalancbmk-127B,spp,0.29134,11980374,10810354,29557,20054,1
483.xalancbmk-127B,bingo,0.34423,40572845,5100391,42546,51370,1
483.xalancbmk-127B,mlop,0.32893,23000705,7487483,35844,31009,1
483.xalancbmk-127B,pythia,0.34449,16967489,6618443,27530,21327,1
602.gcc_s-1850B,nopref,0.23882,8898189,8881542,4222,12425,1
602.gcc_s-1850B,spp,0.35863,8995174,293338,1658,2954,1
602.gcc_s-1850B,bingo,0.37838,9321899,321442,1769,4758,1
602.gcc_s-1850B,mlop,0.38326,9187314,172856,68,2988,1
602.gcc_s-1850B,pythia,0.37761,8981173,210483,93,11249,1
602.gcc_s-734B,nopref,0.36136,3749660,3720456,4033,25171,1
602.gcc_s-734B,spp,0.4229,4372442,237591,5056,13825,1
602.gcc_s-734B,bingo,0.4297,4408185,196630,5044,27945,1
602.gcc_s-734B,mlop,0.43127,4999861,144184,4203,15176,1
602.gcc_s-734B,pythia,0.43,3926380,273203,4217,24373,1
603.bwaves_s-2931B,nopref,0.63119,9726739,3839720,2976918,2910101,1
603.bwaves_s-2931B,spp,1.31191,9729587,103320,2976918,2912849,1
603.bwaves_s-2931B,bingo,1.20843,10506586,247535,2976918,2940633,1
603.bwaves_s-2931B,mlop,1.27617,9929825,145984,2976916,2923723,1
603.bwaves_s-2931B,pythia,1.38804,9741862,66673,2976918,2912846,1
605.mcf_s-994B,nopref,0.19224,11705510,11122456,2547,580507,1
605.mcf_s-994B,spp,0.19871,13029565,10358140,3022,632,1
605.mcf_s-994B,bingo,0.19167,78154403,7402089,9106,792997,1
605.mcf_s-994B,mlop,0.19304,16181522,10776133,3926,479530,1
605.mcf_s-994B,pythia,0.2004,20388106,8474049,2205,614763,1
607.cactuBSSN_s-2421B,nopref,0.88831,3852531,3851215,578,738,1
607.cactuBSSN_s-2421B,spp,1.15983,4009095,567983,196,1193,1
607.cactuBSSN_s-2421B,bingo,0.89907,3851386,3698256,473,596,1
607.cactuBSSN_s-2421B,mlop,1.28745,3844841,69905,5,3,1
607.cactuBSSN_s-2421B,pythia,1.2553,3929079,77783,5,23,1
619.lbm_s-2677B,nopref,0.32074,32854538,5908780,17753224,9192534,1
619.lbm_s-2677B,spp,0.37709,32865397,755329,17753502,9202672,1
619.lbm_s-2677B,bingo,0.38095,32833079,270958,17752683,9171632,1
619.lbm_s-2677B,mlop,0.37981,32827941,293584,17751702,9164521,1
619.lbm_s-2677B,pythia,0.36959,32841993,447314,17752867,9180132,1
619.lbm_s-3766B,nopref,0.32425,32406724,5832711,17524222,9049791,1
619.lbm_s-3766B,spp,0.38195,32418895,739030,17524460,9061272,1
619.lbm_s-3766B,bingo,0.38578,32384302,266288,17523507,9028078,1
619.lbm_s-3766B,mlop,0.38472,32385612,289459,17522401,9027573,1
619.lbm_s-3766B,pythia,0.37568,32396121,501646,17523796,9039475,1
619.lbm_s-4268B,nopref,0.34488,30478306,5433503,16324910,8719893,1
619.lbm_s-4268B,spp,0.40991,30482204,677493,16323684,8724321,1
619.lbm_s-4268B,bingo,0.41419,30450242,247351,16324723,8692013,1
619.lbm_s-4268B,mlop,0.41302,30443595,268490,16322729,8685402,1
619.lbm_s-4268B,pythia,0.3986,30465100,526502,16324771,8706597,1
620.omnetpp_s-141B,nopref,0.22848,5928103,4469763,566087,892253,1
620.omnetpp_s-141B,spp,0.22924,6376767,4278628,567107,754235,1
620.omnetpp_s-141B,bingo,0.23875,12922108,2704550,478104,608466,1
620.omnetpp_s-141B,mlop,0.23292,9511808,3671952,445952,782080,1
620.omnetpp_s-141B,pythia,0.23552,8400906,3372362,461299,867944,1
620.omnetpp_s-874B,nopref,0.23911,4891204,4023915,413310,453979,1
620.omnetpp_s-874B,spp,0.24029,5372928,3815704,418205,371912,1
620.omnetpp_s-874B,bingo,0.2503,11081334,2371109,364835,291564,1
620.omnetpp_s-874B,mlop,0.24417,8657233,3233313,318642,400827,1
620.omnetpp_s-874B,pythia,0.24616,7181421,3038451,318305,406397,1
621.wrf_s-6673B,nopref,0.61175,6252711,4207536,932985,1112190,1
621.wrf_s-6673B,spp,0.98458,6399669,481414,1060138,549357,1
621.wrf_s-6673B,bingo,0.96408,6721719,768844,939473,1193051,1
621.wrf_s-6673B,mlop,0.92277,6725933,710394,1006399,858614,1
621.wrf_s-6673B,pythia,0.99741,6516942,298289,916792,1129800,1
621.wrf_s-8065B,nopref,0.59716,6065511,4110651,944146,1010714,1
621.wrf_s-8065B,spp,0.96124,6145616,471556,1037783,562331,1
621.wrf_s-8065B,bingo,0.92166,6534763,853183,936000,1130178,1
621.wrf_s-8065B,mlop,0.9045,6438514,720959,989088,862575,1
621.wrf_s-8065B,pythia,0.96964,6306931,307411,919819,1002335,1
623.xalancbmk_s-10B,nopref,0.31193,5819217,5729403,70036,19778,1
623.xalancbmk_s-10B,spp,0.31019,8005278,6111902,82341,28557,1
623.xalancbmk_s-10B,bingo,0.30829,42237918,6061559,86378,62587,1
623.xalancbmk_s-10B,mlop,0.302,13651674,7648616,76475,48591,1
623.xalancbmk_s-10B,pythia,0.33165,11266945,5476064,63381,13569,1
623.xalancbmk_s-592B,nopref,0.41392,1524714,87859,1214728,222127,1
623.xalancbmk_s-592B,spp,0.41474,1612287,79254,1202398,178048,1
623.xalancbmk_s-592B,bingo,0.42341,1671777,56940,1162059,154936,1
623.xalancbmk_s-592B,mlop,0.41452,1826812,73441,1125313,185843,1
623.xalancbmk_s-592B,pythia,0.40725,1466741,60773,1188238,68506,1
627.cam4_s-573B,nopref,0.74474,4609428,161433,2331251,2116744,1
627.cam4_s-573B,spp,0.75008,4648152,106764,2341134,2119155,1
627.cam4_s-573B,bingo,0.7482,4694390,98292,2344434,2125863,1
627.cam4_s-573B,mlop,0.75071,4788789,82994,2349179,2140576,1
627.cam4_s-573B,pythia,0.75317,4712141,66375,2336250,2123412,1
628.pop2_s-17B,nopref,0.95718,2132399,1054946,648557,428896,1
628.pop2_s-17B,spp,1.11506,2227683,140771,675409,366084,1
628.pop2_s-17B,bingo,1.11638,2155133,177596,648217,377721,1
628.pop2_s-17B,mlop,1.11471,2279608,148855,659207,391806,1
628.pop2_s-17B,pythia,1.14381,2188251,57099,648679,409472,1
649.fotonik3d_s-10881B,nopref,0.38055,13833960,9068512,5,4765443,1
649.fotonik3d_s-10881B,spp,0.50853,11661629,2903675,2,389181,1
649.fotonik3d_s-10881B,bingo,0.51093,14593330,3614292,5,3393802,1
649.fotonik3d_s-10881B,mlop,0.54273,14754368,2203939,4,877084,1
649.fotonik3d_s-10881B,pythia,0.50923,19735270,3737330,0,4744807,1
654.roms_s-1007B,nopref,0.52933,3943542,2388928,801908,752706,1
654.roms_s-1007B,spp,0.6887,4292330,258695,905104,766707,1
654.roms_s-1007B,bingo,0.64687,4392232,646535,821460,760226,1
654.roms_s-1007B,mlop,0.69692,4538908,201474,913776,762747,1
654.roms_s-1007B,pythia,0.71601,4107139,76670,798860,752629,1
ligra_BC.com-lj.ungraph.gcc_6.3.0_O3.drop_26750M.length_250M,nopref,0.20646,4643680,3834574,293208,515898,1
ligra_BC.com-lj.ungraph.gcc_6.3.0_O3.drop_26750M.length_250M,spp,0.21562,5815051,2790440,293777,287672,1
ligra_BC.com-lj.ungraph.gcc_6.3.0_O3.drop_26750M.length_250M,bingo,0.22349,17413116,1881574,292946,439134,1
ligra_BC.com-lj.ungraph.gcc_6.3.0_O3.drop_26750M.length_250M,mlop,0.20461,15025641,2486338,293083,349605,1
ligra_BC.com-lj.ungraph.gcc_6.3.0_O3.drop_26750M.length_250M,pythia,0.24371,6667091,1682432,293326,504783,1
ligra_BC.com-lj.ungraph.gcc_6.3.0_O3.drop_3500M.length_250M,nopref,0.96232,804728,268225,268224,268279,1
ligra_BC.com-lj.ungraph.gcc_6.3.0_O3.drop_3500M.length_250M,spp,1.36141,804736,6137,268224,268279,1
ligra_BC.com-lj.ungraph.gcc_6.3.0_O3.drop_3500M.length_250M,bingo,1.36712,804746,8383,268224,268279,1
ligra_BC.com-lj.ungraph.gcc_6.3.0_O3.drop_3500M.length_250M,mlop,1.37667,804744,4192,268224,268279,1
ligra_BC.com-lj.ungraph.gcc_6.3.0_O3.drop_3500M.length_250M,pythia,1.37657,804729,4218,268224,268279,1
ligra_BC.com-lj.ungraph.gcc_6.3.0_O3.drop_500M.length_250M,nopref,0.90474,700247,350124,0,350123,1
ligra_BC.com-lj.ungraph.gcc_6.3.0_O3.drop_500M.length_250M,spp,1.26045,350420,8118,0,297,1
ligra_BC.com-lj.ungraph.gcc_6.3.0_O3.drop_500M.length_250M,bingo,1.25475,700288,10942,0,350144,1
ligra_BC.com-lj.ungraph.gcc_6.3.0_O3.drop_500M.length_250M,mlop,1.26264,700246,5471,0,350123,1
ligra_BC.com-lj.ungraph.gcc_6.3.0_O3.drop_500M.length_250M,pythia,1.26258,700242,5509,0,350121,1
ligra_BellmanFord.com-lj.ungraph.gcc_6.3.0_O3.drop_1750M.length_250M,nopref,0.82743,678242,339121,0,339121,1
ligra_BellmanFord.com-lj.ungraph.gcc_6.3.0_O3.drop_1750M.length_250M,spp,1.08355,339403,7857,0,282,1
ligra_BellmanFord.com-lj.ungraph.gcc_6.3.0_O3.drop_1750M.length_250M,bingo,1.07975,678208,10597,0,339104,1
ligra_BellmanFord.com-lj.ungraph.gcc_6.3.0_O3.drop_1750M.length_250M,mlop,1.08528,678242,5299,0,339121,1
ligra_BellmanFord.com-lj.ungraph.gcc_6.3.0_O3.drop_1750M.length_250M,pythia,1.08524,678242,5341,0,339121,1
ligra_BellmanFord.com-lj.ungraph.gcc_6.3.0_O3.drop_4000M.length_250M,nopref,0.96085,805087,268345,268344,268398,1
ligra_BellmanFord.com-lj.ungraph.gcc_6.3.0_O3.drop_4000M.length_250M,spp,1.36207,805085,6196,268344,268398,1
ligra_BellmanFord.com-lj.ungraph.gcc_6.3.0_O3.drop_4000M.length_250M,bingo,1.36771,805076,8386,268344,268380,1
ligra_BellmanFord.com-lj.ungraph.gcc_6.3.0_O3.drop_4000M.length_250M,mlop,1.37704,805070,4193,268344,268382,1
ligra_BellmanFord.com-lj.ungraph.gcc_6.3.0_O3.drop_4000M.length_250M,pythia,1.37699,805078,4214,268344,268392,1
ligra_BellmanFord.com-lj.ungraph.gcc_6.3.0_O3.drop_7500M.length_250M,nopref,0.52728,1987463,430708,779270,777485,1
ligra_BellmanFord.com-lj.ungraph.gcc_6.3.0_O3.drop_7500M.length_250M,spp,0.68804,1987471,9959,779270,777485,1
ligra_BellmanFord.com-lj.ungraph.gcc_6.3.0_O3.drop_7500M.length_250M,bingo,0.69178,1988824,14182,779270,777498,1
ligra_BellmanFord.com-lj.ungraph.gcc_6.3.0_O3.drop_7500M.length_250M,mlop,0.69472,1988983,7918,779270,777488,1
ligra_BellmanFord.com-lj.ungraph.gcc_6.3.0_O3.drop_7500M.length_250M,pythia,0.69547,1987458,6778,779270,777479,1
ligra_BFS-Bitvector.com-lj.ungraph.gcc_6.3.0_O3.drop_23000M.length_250M,nopref,0.46292,1601446,1385301,129292,86853,1
ligra_BFS-Bitvector.com-lj.ungraph.gcc_6.3.0_O3.drop_23000M.length_250M,spp,0.45694,2233477,902492,129692,92918,1
ligra_BFS-Bitvector.com-lj.ungraph.gcc_6.3.0_O3.drop_23000M.length_250M,bingo,0.51979,6607025,445448,114737,90862,1
ligra_BFS-Bitvector.com-lj.ungraph.gcc_6.3.0_O3.drop_23000M.length_250M,mlop,0.47851,2237018,754671,123150,84590,1
ligra_BFS-Bitvector.com-lj.ungraph.gcc_6.3.0_O3.drop_23000M.length_250M,pythia,0.55636,1992629,407132,129333,81823,1
ligra_BFS-Bitvector.com-lj.ungraph.gcc_6.3.0_O3.drop_2500M.length_250M,nopref,0,0,0,0,0,0
ligra_BFS-Bitvector.com-lj.ungraph.gcc_6.3.0_O3.drop_2500M.length_250M,spp,0,0,0,0,0,0
ligra_BFS-Bitvector.com-lj.ungraph.gcc_6.3.0_O3.drop_2500M.length_250M,bingo,0,0,0,0,0,0
ligra_BFS-Bitvector.com-lj.ungraph.gcc_6.3.0_O3.drop_2500M.length_250M,mlop,0,0,0,0,0,0
ligra_BFS-Bitvector.com-lj.ungraph.gcc_6.3.0_O3.drop_2500M.length_250M,pythia,0,0,0,0,0,0
ligra_BFSCC.com-lj.ungraph.gcc_6.3.0_O3.drop_22000M.length_250M,nopref,0,0,0,0,0,0
ligra_BFSCC.com-lj.ungraph.gcc_6.3.0_O3.drop_22000M.length_250M,spp,0,0,0,0,0,0
ligra_BFSCC.com-lj.ungraph.gcc_6.3.0_O3.drop_22000M.length_250M,bingo,0,0,0,0,0,0
ligra_BFSCC.com-lj.ungraph.gcc_6.3.0_O3.drop_22000M.length_250M,mlop,0,0,0,0,0,0
ligra_BFSCC.com-lj.ungraph.gcc_6.3.0_O3.drop_22000M.length_250M,pythia,0,0,0,0,0,0
ligra_BFSCC.com-lj.ungraph.gcc_6.3.0_O3.drop_3500M.length_250M,nopref,0,0,0,0,0,0
ligra_BFSCC.com-lj.ungraph.gcc_6.3.0_O3.drop_3500M.length_250M,spp,0,0,0,0,0,0
ligra_BFSCC.com-lj.ungraph.gcc_6.3.0_O3.drop_3500M.length_250M,bingo,0,0,0,0,0,0
ligra_BFSCC.com-lj.ungraph.gcc_6.3.0_O3.drop_3500M.length_250M,mlop,0,0,0,0,0,0
ligra_BFSCC.com-lj.ungraph.gcc_6.3.0_O3.drop_3500M.length_250M,pythia,0,0,0,0,0,0
ligra_BFSCC.com-lj.ungraph.gcc_6.3.0_O3.drop_5000M.length_250M,nopref,0,0,0,0,0,0
ligra_BFSCC.com-lj.ungraph.gcc_6.3.0_O3.drop_5000M.length_250M,spp,0,0,0,0,0,0
ligra_BFSCC.com-lj.ungraph.gcc_6.3.0_O3.drop_5000M.length_250M,bingo,0,0,0,0,0,0
ligra_BFSCC.com-lj.ungraph.gcc_6.3.0_O3.drop_5000M.length_250M,mlop,0,0,0,0,0,0
ligra_BFSCC.com-lj.ungraph.gcc_6.3.0_O3.drop_5000M.length_250M,pythia,0,0,0,0,0,0
ligra_BFSCC.com-lj.ungraph.gcc_6.3.0_O3.drop_750M.length_250M,nopref,0,0,0,0,0,0
ligra_BFSCC.com-lj.ungraph.gcc_6.3.0_O3.drop_750M.length_250M,spp,0,0,0,0,0,0
ligra_BFSCC.com-lj.ungraph.gcc_6.3.0_O3.drop_750M.length_250M,bingo,0,0,0,0,0,0
ligra_BFSCC.com-lj.ungraph.gcc_6.3.0_O3.drop_750M.length_250M,mlop,0,0,0,0,0,0
ligra_BFSCC.com-lj.ungraph.gcc_6.3.0_O3.drop_750M.length_250M,pythia,0,0,0,0,0,0
ligra_BFS.com-lj.ungraph.gcc_6.3.0_O3.drop_21500M.length_250M,nopref,0.34857,2474899,2362547,32099,80253,1
ligra_BFS.com-lj.ungraph.gcc_6.3.0_O3.drop_21500M.length_250M,spp,0.39626,3213793,915269,32099,22485,1
ligra_BFS.com-lj.ungraph.gcc_6.3.0_O3.drop_21500M.length_250M,bingo,0.51071,3090426,165803,32099,33471,1
ligra_BFS.com-lj.ungraph.gcc_6.3.0_O3.drop_21500M.length_250M,mlop,0.4293,3197206,575115,32099,21287,1
ligra_BFS.com-lj.ungraph.gcc_6.3.0_O3.drop_21500M.length_250M,pythia,0.52382,2685768,108822,32099,61596,1
ligra_BFS.com-lj.ungraph.gcc_6.3.0_O3.drop_3500M.length_250M,nopref,0.96196,804727,268225,268224,268278,1
ligra_BFS.com-lj.ungraph.gcc_6.3.0_O3.drop_3500M.length_250M,spp,1.36111,804729,6137,268224,268278,1
ligra_BFS.com-lj.ungraph.gcc_6.3.0_O3.drop_3500M.length_250M,bingo,1.36693,804699,8383,268224,268249,1
ligra_BFS.com-lj.ungraph.gcc_6.3.0_O3.drop_3500M.length_250M,mlop,1.37649,804712,4192,268224,268262,1
ligra_BFS.com-lj.ungraph.gcc_6.3.0_O3.drop_3500M.length_250M,pythia,1.37638,804727,4218,268224,268277,1
ligra_BFS.com-lj.ungraph.gcc_6.3.0_O3.drop_5000M.length_250M,nopref,0.70873,1434702,444951,495019,494732,1
ligra_BFS.com-lj.ungraph.gcc_6.3.0_O3.drop_5000M.length_250M,spp,0.99087,1434677,10382,495019,494706,1
ligra_BFS.com-lj.ungraph.gcc_6.3.0_O3.drop_5000M.length_250M,bingo,0.99781,1435281,14313,495019,494706,1
ligra_BFS.com-lj.ungraph.gcc_6.3.0_O3.drop_5000M.length_250M,mlop,1.00335,1436418,7949,495019,494712,1
ligra_BFS.com-lj.ungraph.gcc_6.3.0_O3.drop_5000M.length_250M,pythia,1.00435,1434682,7008,495019,494712,1
ligra_BFS.com-lj.ungraph.gcc_6.3.0_O3.drop_500M.length_250M,nopref,0.90899,700248,350124,0,350124,1
ligra_BFS.com-lj.ungraph.gcc_6.3.0_O3.drop_500M.length_250M,spp,1.26983,350420,8118,0,297,1
ligra_BFS.com-lj.ungraph.gcc_6.3.0_O3.drop_500M.length_250M,bingo,1.26404,700288,10942,0,350144,1
ligra_BFS.com-lj.ungraph.gcc_6.3.0_O3.drop_500M.length_250M,mlop,1.27208,700246,5471,0,350123,1
ligra_BFS.com-lj.ungraph.gcc_6.3.0_O3.drop_500M.length_250M,pythia,1.27202,700242,5509,0,350121,1
ligra_CF.com-lj.ungraph.gcc_6.3.0_O3.drop_184750M.length_250M,nopref,0.6306,1609888,1415872,0,194016,1
ligra_CF.com-lj.ungraph.gcc_6.3.0_O3.drop_184750M.length_250M,spp,0.80081,1838908,703753,0,35,1
ligra_CF.com-lj.ungraph.gcc_6.3.0_O3.drop_184750M.length_250M,bingo,0.77778,3936384,537688,0,150336,1
ligra_CF.com-lj.ungraph.gcc_6.3.0_O3.drop_184750M.length_250M,mlop,0.78588,4719625,541647,0,17510,1
ligra_CF.com-lj.ungraph.gcc_6.3.0_O3.drop_184750M.length_250M,pythia,0.80816,1915625,535251,0,191010,1
ligra_CF.com-lj.ungraph.gcc_6.3.0_O3.drop_2500M.length_250M,nopref,0.78019,687938,280441,140565,266932,1
ligra_CF.com-lj.ungraph.gcc_6.3.0_O3.drop_2500M.length_250M,spp,0.9632,543610,6570,140555,122577,1
ligra_CF.com-lj.ungraph.gcc_6.3.0_O3.drop_2500M.length_250M,bingo,0.95934,686923,12650,140549,265915,1
ligra_CF.com-lj.ungraph.gcc_6.3.0_O3.drop_2500M.length_250M,mlop,0.96757,687160,4410,140549,265925,1
ligra_CF.com-lj.ungraph.gcc_6.3.0_O3.drop_2500M.length_250M,pythia,0.96753,686981,4452,140558,265931,1
ligra_Components.com-lj.ungraph.gcc_6.3.0_O3.drop_22750M.length_250M,nopref,0.18722,5701767,5658658,24898,18211,1
ligra_Components.com-lj.ungraph.gcc_6.3.0_O3.drop_22750M.length_250M,spp,0.19325,7503440,5408242,24898,20214,1
ligra_Components.com-lj.ungraph.gcc_6.3.0_O3.drop_22750M.length_250M,bingo,0.18447,22578434,4365977,24898,24133,1
ligra_Components.com-lj.ungraph.gcc_6.3.0_O3.drop_22750M.length_250M,mlop,0.18092,15334659,5665407,24898,23371,1
ligra_Components.com-lj.ungraph.gcc_6.3.0_O3.drop_22750M.length_250M,pythia,0.20095,9039864,4270955,24899,17909,1
ligra_Components.com-lj.ungraph.gcc_6.3.0_O3.drop_3500M.length_250M,nopref,0.962,804727,268225,268224,268278,1
ligra_Components.com-lj.ungraph.gcc_6.3.0_O3.drop_3500M.length_250M,spp,1.3611,804728,6137,268224,268277,1
ligra_Components.com-lj.ungraph.gcc_6.3.0_O3.drop_3500M.length_250M,bingo,1.36691,804700,8383,268224,268250,1
ligra_Components.com-lj.ungraph.gcc_6.3.0_O3.drop_3500M.length_250M,mlop,1.37648,804712,4192,268224,268262,1
ligra_Components.com-lj.ungraph.gcc_6.3.0_O3.drop_3500M.length_250M,pythia,1.37634,804726,4229,268224,268276,1
ligra_Components.com-lj.ungraph.gcc_6.3.0_O3.drop_750M.length_250M,nopref,0.88892,701944,350972,0,350972,1
ligra_Components.com-lj.ungraph.gcc_6.3.0_O3.drop_750M.length_250M,spp,1.23052,351265,8135,0,293,1
ligra_Components.com-lj.ungraph.gcc_6.3.0_O3.drop_750M.length_250M,bingo,1.22553,701952,10968,0,350976,1
ligra_Components.com-lj.ungraph.gcc_6.3.0_O3.drop_750M.length_250M,mlop,1.23302,701944,5484,0,350972,1
ligra_Components.com-lj.ungraph.gcc_6.3.0_O3.drop_750M.length_250M,pythia,1.23296,701940,5520,0,350970,1
ligra_Components-Shortcut.com-lj.ungraph.gcc_6.3.0_O3.drop_22000M.length_250M,nopref,0.19292,5845935,5796578,0,49357,1
ligra_Components-Shortcut.com-lj.ungraph.gcc_6.3.0_O3.drop_22000M.length_250M,spp,0.19783,7653836,5539928,0,161,1
ligra_Components-Shortcut.com-lj.ungraph.gcc_6.3.0_O3.drop_22000M.length_250M,bingo,0.18912,21490778,4484844,0,37575,1
ligra_Components-Shortcut.com-lj.ungraph.gcc_6.3.0_O3.drop_22000M.length_250M,mlop,0.18759,14051713,5835368,0,13872,1
ligra_Components-Shortcut.com-lj.ungraph.gcc_6.3.0_O3.drop_22000M.length_250M,pythia,0.20627,9189330,4380881,0,47727,1
ligra_Components-Shortcut.com-lj.ungraph.gcc_6.3.0_O3.drop_750M.length_250M,nopref,0.88153,701944,350972,0,350972,1
ligra_Components-Shortcut.com-lj.ungraph.gcc_6.3.0_O3.drop_750M.length_250M,spp,1.21453,351265,8135,0,293,1
ligra_Components-Shortcut.com-lj.ungraph.gcc_6.3.0_O3.drop_750M.length_250M,bingo,1.20977,701952,10968,0,350976,1
ligra_Components-Shortcut.com-lj.ungraph.gcc_6.3.0_O3.drop_750M.length_250M,mlop,1.21705,701943,5484,0,350971,1
ligra_Components-Shortcut.com-lj.ungraph.gcc_6.3.0_O3.drop_750M.length_250M,pythia,1.217,701939,5520,0,350969,1
ligra_MIS.com-lj.ungraph.gcc_6.3.0_O3.drop_21250M.length_250M,nopref,0.55258,1079071,1079071,0,0,1
ligra_MIS.com-lj.ungraph.gcc_6.3.0_O3.drop_21250M.length_250M,spp,0.7351,1151070,107212,0,0,1
ligra_MIS.com-lj.ungraph.gcc_6.3.0_O3.drop_21250M.length_250M,bingo,0.78836,1106724,41039,0,0,1
ligra_MIS.com-lj.ungraph.gcc_6.3.0_O3.drop_21250M.length_250M,mlop,0.7703,1126759,65801,0,0,1
ligra_MIS.com-lj.ungraph.gcc_6.3.0_O3.drop_21250M.length_250M,pythia,0.79952,1080835,19884,0,0,1
ligra_MIS.com-lj.ungraph.gcc_6.3.0_O3.drop_3500M.length_250M,nopref,0.96195,804726,268224,268224,268278,1
ligra_MIS.com-lj.ungraph.gcc_6.3.0_O3.drop_3500M.length_250M,spp,1.36105,804725,6136,268224,268277,1
ligra_MIS.com-lj.ungraph.gcc_6.3.0_O3.drop_3500M.length_250M,bingo,1.36686,804698,8382,268224,268250,1
ligra_MIS.com-lj.ungraph.gcc_6.3.0_O3.drop_3500M.length_250M,mlop,1.37643,804710,4191,268224,268262,1
ligra_MIS.com-lj.ungraph.gcc_6.3.0_O3.drop_3500M.length_250M,pythia,1.3763,804722,4228,268224,268276,1
ligra_MIS.com-lj.ungraph.gcc_6.3.0_O3.drop_750M.length_250M,nopref,0.88155,701944,350972,0,350972,1
ligra_MIS.com-lj.ungraph.gcc_6.3.0_O3.drop_750M.length_250M,spp,1.21455,351265,8135,0,293,1
ligra_MIS.com-lj.ungraph.gcc_6.3.0_O3.drop_750M.length_250M,bingo,1.20978,701952,10968,0,350976,1
ligra_MIS.com-lj.ungraph.gcc_6.3.0_O3.drop_750M.length_250M,mlop,1.21706,701944,5484,0,350972,1
ligra_MIS.com-lj.ungraph.gcc_6.3.0_O3.drop_750M.length_250M,pythia,1.21701,701940,5520,0,350970,1
ligra_PageRank.com-lj.ungraph.gcc_6.3.0_O3.drop_21750M.length_250M,nopref,0.16786,7795981,7719357,0,76624,1
ligra_PageRank.com-lj.ungraph.gcc_6.3.0_O3.drop_21750M.length_250M,spp,0.17048,9015693,7459298,0,20,1
ligra_PageRank.com-lj.ungraph.gcc_6.3.0_O3.drop_21750M.length_250M,bingo,0.14738,35807214,6792435,0,58832,1
ligra_PageRank.com-lj.ungraph.gcc_6.3.0_O3.drop_21750M.length_250M,mlop,0.1617,14747612,7525764,0,32990,1
ligra_PageRank.com-lj.ungraph.gcc_6.3.0_O3.drop_21750M.length_250M,pythia,0.16846,12254329,6753739,0,79079,1
ligra_PageRank.com-lj.ungraph.gcc_6.3.0_O3.drop_500M.length_250M,nopref,0.90899,700248,350124,0,350124,1
ligra_PageRank.com-lj.ungraph.gcc_6.3.0_O3.drop_500M.length_250M,spp,1.26975,350439,8216,0,316,1
ligra_PageRank.com-lj.ungraph.gcc_6.3.0_O3.drop_500M.length_250M,bingo,1.26405,700288,10942,0,350144,1
ligra_PageRank.com-lj.ungraph.gcc_6.3.0_O3.drop_500M.length_250M,mlop,1.2721,700248,5471,0,350124,1
ligra_PageRank.com-lj.ungraph.gcc_6.3.0_O3.drop_500M.length_250M,pythia,1.27204,700248,5513,0,350124,1
ligra_PageRank.com-lj.ungraph.gcc_6.3.0_O3.drop_51000M.length_250M,nopref,0.3947,2953126,2930440,0,22686,1
ligra_PageRank.com-lj.ungraph.gcc_6.3.0_O3.drop_51000M.length_250M,spp,0.39939,3626113,2745267,0,894,1
ligra_PageRank.com-lj.ungraph.gcc_6.3.0_O3.drop_51000M.length_250M,bingo,0.32517,15766632,2822509,0,5000,1
ligra_PageRank.com-lj.ungraph.gcc_6.3.0_O3.drop_51000M.length_250M,mlop,0.38319,5760709,2862031,0,4358,1
ligra_PageRank.com-lj.ungraph.gcc_6.3.0_O3.drop_51000M.length_250M,pythia,0.41792,4552352,2277873,0,22290,1
ligra_PageRank.com-lj.ungraph.gcc_6.3.0_O3.drop_60750M.length_250M,nopref,0.40522,3677967,2149272,491337,1037358,1
ligra_PageRank.com-lj.ungraph.gcc_6.3.0_O3.drop_60750M.length_250M,spp,0.57791,3314798,514063,505078,486489,1
ligra_PageRank.com-lj.ungraph.gcc_6.3.0_O3.drop_60750M.length_250M,bingo,0.60431,5011159,359794,501525,1041525,1
ligra_PageRank.com-lj.ungraph.gcc_6.3.0_O3.drop_60750M.length_250M,mlop,0.61706,3855418,341829,504874,1042321,1
ligra_PageRank.com-lj.ungraph.gcc_6.3.0_O3.drop_60750M.length_250M,pythia,0.61262,3821607,222920,488666,1029824,1
ligra_PageRank.com-lj.ungraph.gcc_6.3.0_O3.drop_79500M.length_250M,nopref,0.18435,6851047,6307249,1,543797,1
ligra_PageRank.com-lj.ungraph.gcc_6.3.0_O3.drop_79500M.length_250M,spp,0.20049,7736912,5458614,0,1050,1
ligra_PageRank.com-lj.ungraph.gcc_6.3.0_O3.drop_79500M.length_250M,bingo,0.17455,34495017,4734068,1,579826,1
ligra_PageRank.com-lj.ungraph.gcc_6.3.0_O3.drop_79500M.length_250M,mlop,0.17439,25657684,5260765,1,482129,1
ligra_PageRank.com-lj.ungraph.gcc_6.3.0_O3.drop_79500M.length_250M,pythia,0.20589,10073672,4594999,1,549735,1
ligra_PageRankDelta.com-lj.ungraph.gcc_6.3.0_O3.drop_1250M.length_250M,nopref,0.89308,705748,352874,0,352874,1
ligra_PageRankDelta.com-lj.ungraph.gcc_6.3.0_O3.drop_1250M.length_250M,spp,1.24198,353185,8200,0,311,1
ligra_PageRankDelta.com-lj.ungraph.gcc_6.3.0_O3.drop_1250M.length_250M,bingo,1.23669,705792,11028,0,352896,1
ligra_PageRankDelta.com-lj.ungraph.gcc_6.3.0_O3.drop_1250M.length_250M,mlop,1.24452,705748,5514,0,352874,1
ligra_PageRankDelta.com-lj.ungraph.gcc_6.3.0_O3.drop_1250M.length_250M,pythia,1.24446,705736,5557,0,352868,1
ligra_PageRankDelta.com-lj.ungraph.gcc_6.3.0_O3.drop_24000M.length_250M,nopref,0.41365,2731644,1725542,451817,554285,1
ligra_PageRankDelta.com-lj.ungraph.gcc_6.3.0_O3.drop_24000M.length_250M,spp,0.48705,3066253,938140,451820,565462,1
ligra_PageRankDelta.com-lj.ungraph.gcc_6.3.0_O3.drop_24000M.length_250M,bingo,0.42686,10922572,661341,451817,953199,1
ligra_PageRankDelta.com-lj.ungraph.gcc_6.3.0_O3.drop_24000M.length_250M,mlop,0.47423,4664797,838225,451813,696838,1
ligra_PageRankDelta.com-lj.ungraph.gcc_6.3.0_O3.drop_24000M.length_250M,pythia,0.52749,3222211,616111,451816,562616,1
ligra_PageRankDelta.com-lj.ungraph.gcc_6.3.0_O3.drop_24500M.length_250M,nopref,0.28846,3986645,2561089,0,1425556,1
ligra_PageRankDelta.com-lj.ungraph.gcc_6.3.0_O3.drop_24500M.length_250M,spp,0.30565,4615714,2068083,0,1481895,1
ligra_PageRankDelta.com-lj.ungraph.gcc_6.3.0_O3.drop_24500M.length_250M,bingo,0.25569,23230693,1730613,0,1637468,1
ligra_PageRankDelta.com-lj.ungraph.gcc_6.3.0_O3.drop_24500M.length_250M,mlop,0.28436,10969756,1949830,0,1652146,1
ligra_PageRankDelta.com-lj.ungraph.gcc_6.3.0_O3.drop_24500M.length_250M,pythia,0.31773,5392901,1721153,0,1287058,1
ligra_PageRankDelta.com-lj.ungraph.gcc_6.3.0_O3.drop_3500M.length_250M,nopref,0.96204,804728,268225,268224,268279,1
ligra_PageRankDelta.com-lj.ungraph.gcc_6.3.0_O3.drop_3500M.length_250M,spp,1.36106,804727,6180,268224,268279,1
ligra_PageRankDelta.com-lj.ungraph.gcc_6.3.0_O3.drop_3500M.length_250M,bingo,1.36705,804713,8382,268223,268266,1
ligra_PageRankDelta.com-lj.ungraph.gcc_6.3.0_O3.drop_3500M.length_250M,mlop,1.37661,804711,4191,268224,268263,1
ligra_PageRankDelta.com-lj.ungraph.gcc_6.3.0_O3.drop_3500M.length_250M,pythia,1.37652,804719,4212,268223,268272,1
ligra_Radii.com-lj.ungraph.gcc_6.3.0_O3.drop_32000M.length_250M,nopref,0.13859,3682883,3527292,22687,132904,1
ligra_Radii.com-lj.ungraph.gcc_6.3.0_O3.drop_32000M.length_250M,spp,0.13662,5220100,2958370,22687,17472,1
ligra_Radii.com-lj.ungraph.gcc_6.3.0_O3.drop_32000M.length_250M,bingo,0.14683,25088897,2010673,22687,140313,1
ligra_Radii.com-lj.ungraph.gcc_6.3.0_O3.drop_32000M.length_250M,mlop,0.12896,15052675,3526389,22687,83361,1
ligra_Radii.com-lj.ungraph.gcc_6.3.0_O3.drop_32000M.length_250M,pythia,0.15847,5390632,1764170,22687,131039,1
ligra_Radii.com-lj.ungraph.gcc_6.3.0_O3.drop_3500M.length_250M,nopref,0.96233,804726,268224,268224,268278,1
ligra_Radii.com-lj.ungraph.gcc_6.3.0_O3.drop_3500M.length_250M,spp,1.36132,804727,6136,268224,268277,1
ligra_Radii.com-lj.ungraph.gcc_6.3.0_O3.drop_3500M.length_250M,bingo,1.367,804698,8382,268224,268250,1
ligra_Radii.com-lj.ungraph.gcc_6.3.0_O3.drop_3500M.length_250M,mlop,1.37656,804710,4191,268224,268262,1
ligra_Radii.com-lj.ungraph.gcc_6.3.0_O3.drop_3500M.length_250M,pythia,1.37643,804724,4228,268224,268276,1
ligra_Triangle.com-lj.ungraph.gcc_6.3.0_O3.drop_25000M.length_250M,nopref,0.28138,2236074,2235557,291,226,1
ligra_Triangle.com-lj.ungraph.gcc_6.3.0_O3.drop_25000M.length_250M,spp,0.29613,3491496,1586200,286,226,1
ligra_Triangle.com-lj.ungraph.gcc_6.3.0_O3.drop_25000M.length_250M,bingo,0.3662,8707099,631852,286,215,1
ligra_Triangle.com-lj.ungraph.gcc_6.3.0_O3.drop_25000M.length_250M,mlop,0.3157,3366909,1353790,273,210,1
ligra_Triangle.com-lj.ungraph.gcc_6.3.0_O3.drop_25000M.length_250M,pythia,0.39246,2755155,564200,286,224,1
ligra_Triangle.com-lj.ungraph.gcc_6.3.0_O3.drop_3500M.length_250M,nopref,0.96198,804726,268224,268224,268278,1
ligra_Triangle.com-lj.ungraph.gcc_6.3.0_O3.drop_3500M.length_250M,spp,1.36122,804725,6136,268224,268277,1
ligra_Triangle.com-lj.ungraph.gcc_6.3.0_O3.drop_3500M.length_250M,bingo,1.36704,804698,8382,268224,268250,1
ligra_Triangle.com-lj.ungraph.gcc_6.3.0_O3.drop_3500M.length_250M,mlop,1.3766,804710,4191,268224,268262,1
ligra_Triangle.com-lj.ungraph.gcc_6.3.0_O3.drop_3500M.length_250M,pythia,1.37647,804722,4228,268224,268276,1
ligra_Triangle.com-lj.ungraph.gcc_6.3.0_O3.drop_750M.length_250M,nopref,0.88102,701944,350972,0,350972,1
ligra_Triangle.com-lj.ungraph.gcc_6.3.0_O3.drop_750M.length_250M,spp,1.21321,351264,8135,0,293,1
ligra_Triangle.com-lj.ungraph.gcc_6.3.0_O3.drop_750M.length_250M,bingo,1.20844,701952,10968,0,350976,1
ligra_Triangle.com-lj.ungraph.gcc_6.3.0_O3.drop_750M.length_250M,mlop,1.2157,701942,5484,0,350971,1
ligra_Triangle.com-lj.ungraph.gcc_6.3.0_O3.drop_750M.length_250M,pythia,1.21565,701938,5520,0,350969,1
parsec_2.1.canneal.simlarge.prebuilt.drop_1250M.length_250M,nopref,0.25787,1261122,1004034,72931,184157,1
parsec_2.1.canneal.simlarge.prebuilt.drop_1250M.length_250M,spp,0.26212,1492137,931932,72910,160290,1
parsec_2.1.canneal.simlarge.prebuilt.drop_1250M.length_250M,bingo,0.27472,5765858,768101,72386,236089,1
parsec_2.1.canneal.simlarge.prebuilt.drop_1250M.length_250M,mlop,0.2646,1994212,875983,72881,207864,1
parsec_2.1.canneal.simlarge.prebuilt.drop_1250M.length_250M,pythia,0.2799,1609932,704814,72807,182250,1
parsec_2.1.canneal.simlarge.prebuilt.drop_3000M.length_250M,nopref,0.2205,1669368,1381790,80467,207111,1
parsec_2.1.canneal.simlarge.prebuilt.drop_3000M.length_250M,spp,0.22256,2019011,1315083,80495,213105,1
parsec_2.1.canneal.simlarge.prebuilt.drop_3000M.length_250M,bingo,0.23719,7506246,1050367,80360,262838,1
parsec_2.1.canneal.simlarge.prebuilt.drop_3000M.length_250M,mlop,0.22594,2714391,1223125,80503,239293,1
parsec_2.1.canneal.simlarge.prebuilt.drop_3000M.length_250M,pythia,0.24076,2186927,987751,80377,207388,1
parsec_2.1.canneal.simlarge.prebuilt.drop_4500M.length_250M,nopref,0.19497,2994386,2215901,42833,735652,1
parsec_2.1.canneal.simlarge.prebuilt.drop_4500M.length_250M,spp,0.1963,3340549,2169866,42845,719669,1
parsec_2.1.canneal.simlarge.prebuilt.drop_4500M.length_250M,bingo,0.20868,9312680,1746740,42868,808488,1
parsec_2.1.canneal.simlarge.prebuilt.drop_4500M.length_250M,mlop,0.19686,3498252,2144911,42850,753868,1
parsec_2.1.canneal.simlarge.prebuilt.drop_4500M.length_250M,pythia,0.20943,4244919,1801799,42836,729141,1
parsec_2.1.canneal.simlarge.prebuilt.drop_4750M.length_250M,nopref,0.17754,4096308,2882322,93,1213893,1
parsec_2.1.canneal.simlarge.prebuilt.drop_4750M.length_250M,spp,0.17898,5058186,2797940,108,1195139,1
parsec_2.1.canneal.simlarge.prebuilt.drop_4750M.length_250M,bingo,0.18906,11057826,2291181,335,1280953,1
parsec_2.1.canneal.simlarge.prebuilt.drop_4750M.length_250M,mlop,0.17754,4096479,2882337,92,1214050,1
parsec_2.1.canneal.simlarge.prebuilt.drop_4750M.length_250M,pythia,0.18817,5924173,2461296,218,1186743,1
parsec_2.1.canneal.simlarge.prebuilt.drop_500M.length_250M,nopref,0.30651,917460,667132,93884,156444,1
parsec_2.1.canneal.simlarge.prebuilt.drop_500M.length_250M,spp,0.312,1045543,610437,93848,114311,1
parsec_2.1.canneal.simlarge.prebuilt.drop_500M.length_250M,bingo,0.32356,4205010,503822,92974,228420,1
parsec_2.1.canneal.simlarge.prebuilt.drop_500M.length_250M,mlop,0.31376,1390819,575976,93778,180909,1
parsec_2.1.canneal.simlarge.prebuilt.drop_500M.length_250M,pythia,0.32999,1130574,451057,93706,155333,1
parsec_2.1.facesim.simlarge.prebuilt.drop_1500M.length_250M,nopref,0.35366,1412662,885936,168087,358639,1
parsec_2.1.facesim.simlarge.prebuilt.drop_1500M.length_250M,spp,0.38699,1352742,559703,167689,206927,1
parsec_2.1.facesim.simlarge.prebuilt.drop_1500M.length_250M,bingo,0.41488,3220193,237619,162365,361399,1
parsec_2.1.facesim.simlarge.prebuilt.drop_1500M.length_250M,mlop,0.38783,1562626,475313,165315,359849,1
parsec_2.1.facesim.simlarge.prebuilt.drop_1500M.length_250M,pythia,0.41539,1563368,335130,164999,311564,1
parsec_2.1.fluidanimate.simlarge.prebuilt.drop_9500M.length_250M,nopref,0.5224,1795594,729818,486841,578935,1
parsec_2.1.fluidanimate.simlarge.prebuilt.drop_9500M.length_250M,spp,0.62282,1753494,262935,484340,440433,1
parsec_2.1.fluidanimate.simlarge.prebuilt.drop_9500M.length_250M,bingo,0.65099,2037522,155400,486800,538392,1
parsec_2.1.fluidanimate.simlarge.prebuilt.drop_9500M.length_250M,mlop,0.63109,1749021,169471,486125,464102,1
parsec_2.1.fluidanimate.simlarge.prebuilt.drop_9500M.length_250M,pythia,0.60232,1940567,345746,485978,585828,1
parsec_2.1.streamcluster.simlarge.prebuilt.drop_0M.length_250M,nopref,0.48252,1487813,1443958,8607,35248,1
parsec_2.1.streamcluster.simlarge.prebuilt.drop_0M.length_250M,spp,0.68292,2147084,552180,8636,909,1
parsec_2.1.streamcluster.simlarge.prebuilt.drop_0M.length_250M,bingo,0.70758,2896733,425953,8634,70035,1
parsec_2.1.streamcluster.simlarge.prebuilt.drop_0M.length_250M,mlop,0.62049,2435154,691456,8629,43236,1
parsec_2.1.streamcluster.simlarge.prebuilt.drop_0M.length_250M,pythia,0.64799,2083191,398873,8611,47292,1
parsec_2.1.streamcluster.simlarge.prebuilt.drop_14750M.length_250M,nopref,0.52331,1736135,1735705,259,171,1
parsec_2.1.streamcluster.simlarge.prebuilt.drop_14750M.length_250M,spp,0.85807,2603814,652212,4682,4183,1
parsec_2.1.streamcluster.simlarge.prebuilt.drop_14750M.length_250M,bingo,0.87969,3493039,518345,3553,3672,1
parsec_2.1.streamcluster.simlarge.prebuilt.drop_14750M.length_250M,mlop,0.75792,3040167,828572,4016,3878,1
parsec_2.1.streamcluster.simlarge.prebuilt.drop_14750M.length_250M,pythia,0.77385,2303687,502027,750,645,1
parsec_2.1.raytrace.simlarge.prebuilt.drop_23500M.length_250M,nopref,0.63798,1304342,373071,496490,434781,1
parsec_2.1.raytrace.simlarge.prebuilt.drop_23500M.length_250M,spp,0.9013,1301965,9133,496489,434003,1
parsec_2.1.raytrace.simlarge.prebuilt.drop_23500M.length_250M,bingo,0.91336,1293938,16706,496490,416227,1
parsec_2.1.raytrace.simlarge.prebuilt.drop_23500M.length_250M,mlop,0.9249,1286920,8038,496485,414388,1
parsec_2.1.raytrace.simlarge.prebuilt.drop_23500M.length_250M,pythia,0.9402,1260628,6330,496487,391343,1
parsec_2.1.raytrace.simlarge.prebuilt.drop_23750M.length_250M,nopref,0.8432,1022998,566426,44325,412247,1
parsec_2.1.raytrace.simlarge.prebuilt.drop_23750M.length_250M,spp,1.4436,655284,14555,44325,43898,1
parsec_2.1.raytrace.simlarge.prebuilt.drop_23750M.length_250M,bingo,1.44292,1003268,21816,44326,410925,1
parsec_2.1.raytrace.simlarge.prebuilt.drop_23750M.length_250M,mlop,1.35073,1010427,60330,44324,405750,1
parsec_2.1.raytrace.simlarge.prebuilt.drop_23750M.length_250M,pythia,1.45115,1023030,11879,44324,412224,1
cassandra_phase0_core0,nopref,0.34815,1056690,817794,68491,170405,1
cassandra_phase0_core0,spp,0.36781,1451931,545207,89657,45493,1
cassandra_phase0_core0,bingo,0.36323,1467153,531625,85080,102135,1
cassandra_phase0_core0,mlop,0.36966,4630938,539075,90475,87477,1
cassandra_phase0_core0,pythia,0.37844,1448139,384614,72908,159659,1
cassandra_phase0_core1,nopref,0.32123,1079180,848749,71216,159215,1
cassandra_phase0_core1,spp,0.33776,1472243,581508,85774,28921,1
cassandra_phase0_core1,bingo,0.33595,1528744,562407,81222,94473,1
cassandra_phase0_core1,mlop,0.33792,4662085,580504,88146,69117,1
cassandra_phase0_core1,pythia,0.3476,1493914,411089,74037,148157,1
cassandra_phase0_core2,nopref,0.34451,1037052,817530,63831,155691,1
cassandra_phase0_core2,spp,0.36201,1495682,564194,78771,28905,1
cassandra_phase0_core2,bingo,0.35754,1458353,545293,72268,84303,1
cassandra_phase0_core2,mlop,0.363,4685787,561317,79105,70588,1
cassandra_phase0_core2,pythia,0.37263,1464243,400788,64692,155344,1
cassandra_phase0_core3,nopref,0.35176,1058996,820100,65219,173677,1
cassandra_phase0_core3,spp,0.37141,1452748,555754,80904,40310,1
cassandra_phase0_core3,bingo,0.36646,1517128,541050,77059,104392,1
cassandra_phase0_core3,mlop,0.37239,4575793,551970,80226,74198,1
cassandra_phase0_core3,pythia,0.38186,1479695,403254,66551,170516,1
cassandra_phase1_core0,nopref,0.33225,1092479,836042,81683,174754,1
cassandra_phase1_core0,spp,0.34585,1487318,579359,90826,47333,1
cassandra_phase1_core0,bingo,0.34669,1539385,541578,89417,114129,1
cassandra_phase1_core0,mlop,0.34735,4889718,571551,89315,82180,1
cassandra_phase1_core0,pythia,0.35482,1525795,423416,80347,170375,1
cassandra_phase1_core1,nopref,0.31996,1079255,851217,81959,146079,1
cassandra_phase1_core1,spp,0.33784,1488806,564567,94049,37708,1
cassandra_phase1_core1,bingo,0.33366,1542707,560924,91371,95267,1
cassandra_phase1_core1,mlop,0.33914,4702702,553460,94476,75226,1
cassandra_phase1_core1,pythia,0.3468,1515341,411101,83918,144398,1
cassandra_phase1_core2,nopref,0.34036,1102180,848788,87665,165727,1
cassandra_phase1_core2,spp,0.3608,1513779,552720,100897,40858,1
cassandra_phase1_core2,bingo,0.35541,1559862,549306,95972,102645,1
cassandra_phase1_core2,mlop,0.36271,4657858,547305,100987,77719,1
cassandra_phase1_core2,pythia,0.37052,1537848,399078,88941,166006,1
cassandra_phase1_core3,nopref,0.33905,1086113,841097,80596,164420,1
cassandra_phase1_core3,spp,0.35896,1462634,548284,90400,30647,1
cassandra_phase1_core3,bingo,0.35305,1495868,545893,87377,88392,1
cassandra_phase1_core3,mlop,0.36034,4677667,537101,88525,77286,1
cassandra_phase1_core3,pythia,0.36815,1504405,399177,79664,157598,1
cassandra_phase2_core1,nopref,0.27532,1179809,855517,102158,222134,1
cassandra_phase2_core1,spp,0.29046,1421871,498141,113996,58456,1
cassandra_phase2_core1,bingo,0.28823,1628277,499401,110999,145830,1
cassandra_phase2_core1,mlop,0.29248,3933980,461364,108490,96020,1
cassandra_phase2_core1,pythia,0.29581,1539798,381207,103237,201523,1
cassandra_phase2_core2,nopref,0.29935,990092,719907,90587,179598,1
cassandra_phase2_core2,spp,0.31232,1214968,481084,94646,52933,1
cassandra_phase2_core2,bingo,0.31249,1426949,433772,93864,113022,1
cassandra_phase2_core2,mlop,0.31463,3694404,451659,89537,83114,1
cassandra_phase2_core2,pythia,0.31978,1329471,344520,88146,175139,1
cassandra_phase2_core3,nopref,0.3082,1033400,757869,94893,180638,1
cassandra_phase2_core3,spp,0.32719,1252448,463270,102537,61868,1
cassandra_phase2_core3,bingo,0.32538,1510839,442159,99961,127093,1
cassandra_phase2_core3,mlop,0.32917,3659363,435777,98008,89752,1
cassandra_phase2_core3,pythia,0.33421,1348069,339797,94473,170487,1
cassandra_phase3_core1,nopref,0.28008,1043957,751668,108386,183903,1
cassandra_phase3_core1,spp,0.29196,1268912,481369,119517,53874,1
cassandra_phase3_core1,bingo,0.29234,1455526,438826,114259,117810,1
cassandra_phase3_core1,mlop,0.29375,3653140,450657,115718,95147,1
cassandra_phase3_core1,pythia,0.29792,1367385,351308,107191,170483,1
cassandra_phase3_core3,nopref,0.29807,1059437,712912,117426,229099,1
cassandra_phase3_core3,spp,0.30449,1285571,487505,135889,89274,1
cassandra_phase3_core3,bingo,0.30863,1596096,421429,132330,170055,1
cassandra_phase3_core3,mlop,0.30621,3755823,472575,132731,129560,1
cassandra_phase3_core3,pythia,0.31065,1407208,360461,116844,222028,1
cassandra_phase4_core0,nopref,0.28548,1167875,829983,131560,206332,1
cassandra_phase4_core0,spp,0.29159,1439066,575673,140409,65341,1
cassandra_phase4_core0,bingo,0.29547,1659220,528041,142057,128597,1
cassandra_phase4_core0,mlop,0.2935,4409979,550132,137344,98590,1
cassandra_phase4_core0,pythia,0.29748,1588652,436390,129417,184807,1
cassandra_phase4_core2,nopref,0.31829,1092501,798372,97004,197125,1
cassandra_phase4_core2,spp,0.3324,1365023,526044,108033,64904,1
cassandra_phase4_core2,bingo,0.32946,1567698,508053,106929,136423,1
cassandra_phase4_core2,mlop,0.33441,4183873,507724,104521,92019,1
cassandra_phase4_core2,pythia,0.33992,1467826,399398,97413,189603,1
cassandra_phase4_core3,nopref,0.30772,1127846,821301,103902,202643,1
cassandra_phase4_core3,spp,0.32206,1461822,535552,113488,74826,1
cassandra_phase4_core3,bingo,0.31864,1607790,529897,112246,138642,1
cassandra_phase4_core3,mlop,0.32367,4341424,523313,109998,106853,1
cassandra_phase4_core3,pythia,0.32891,1514234,394775,101288,201780,1
cassandra_phase5_core0,nopref,0.36464,995243,769393,62528,163322,1
cassandra_phase5_core0,spp,0.38319,1394524,535836,73464,40090,1
cassandra_phase5_core0,bingo,0.38051,1474431,504820,70714,114509,1
cassandra_phase5_core0,mlop,0.38439,4439668,533027,70490,75459,1
cassandra_phase5_core0,pythia,0.39506,1380802,369879,63093,161042,1
cassandra_phase5_core1,nopref,0.32747,1084156,851648,70670,161838,1
cassandra_phase5_core1,spp,0.34598,1460502,555726,86444,41532,1
cassandra_phase5_core1,bingo,0.34224,1444734,543393,84573,98936,1
cassandra_phase5_core1,mlop,0.34709,4547912,546609,83698,73968,1
cassandra_phase5_core1,pythia,0.35511,1489861,407406,71660,158390,1
cassandra_phase5_core2,nopref,0.35598,1067628,803419,84893,179316,1
cassandra_phase5_core2,spp,0.3742,1406030,549344,96293,51672,1
cassandra_phase5_core2,bingo,0.37113,1506829,522051,94064,108024,1
cassandra_phase5_core2,mlop,0.37734,4436650,537778,92991,73469,1
cassandra_phase5_core2,pythia,0.38587,1469706,386850,83139,172639,1
cassandra_phase5_core3,nopref,0.34591,1063251,813973,76216,173062,1
cassandra_phase5_core3,spp,0.36401,1383489,550890,89146,49114,1
cassandra_phase5_core3,bingo,0.36066,1495030,535257,85451,107375,1
cassandra_phase5_core3,mlop,0.36684,4473888,539090,87157,83230,1
cassandra_phase5_core3,pythia,0.37524,1465058,386028,76314,170485,1
cloud9_phase5_core2,nopref,0.14284,923058,735631,59153,128274,1
cloud9_phase5_core2,spp,0.14295,1075379,703162,61816,107830,1
cloud9_phase5_core2,bingo,0.14434,3120634,526014,30199,66337,1
cloud9_phase5_core2,mlop,0.14308,1130254,701136,55074,126121,1
cloud9_phase5_core2,pythia,0.14409,1396985,618141,26097,138424,1
nutch_phase0_core0,nopref,0.31695,683256,376220,44136,262900,1
nutch_phase0_core0,spp,0.32837,519023,87764,43772,24811,1
nutch_phase0_core0,bingo,0.32857,738338,96497,42613,231429,1
nutch_phase0_core0,mlop,0.32973,703774,62243,39312,103670,1
nutch_phase0_core0,pythia,0.33045,705715,54286,42021,204088,1
nutch_phase0_core1,nopref,0.32919,674607,367208,54922,252477,1
nutch_phase0_core1,spp,0.34031,505460,79289,57088,28315,1
nutch_phase0_core1,bingo,0.34133,674018,71170,55053,222041,1
nutch_phase0_core1,mlop,0.34211,649051,48920,53716,86177,1
nutch_phase0_core1,pythia,0.34308,697672,35615,54631,230201,1
nutch_phase0_core2,nopref,0.31955,767481,408495,51528,307458,1
nutch_phase0_core2,spp,0.33276,546771,79807,52273,27778,1
nutch_phase0_core2,bingo,0.33298,831575,82739,50906,269703,1
nutch_phase0_core2,mlop,0.33392,730740,56693,48335,102230,1
nutch_phase0_core2,pythia,0.33454,795020,46435,50801,268778,1
nutch_phase0_core3,nopref,0.33596,543008,302885,41962,198161,1
nutch_phase0_core3,spp,0.34494,441554,88841,41664,21228,1
nutch_phase0_core3,bingo,0.34638,572594,78999,41036,175677,1
nutch_phase0_core3,mlop,0.34662,589660,58125,35778,70775,1
nutch_phase0_core3,pythia,0.34818,580017,40874,39401,173485,1
nutch_phase1_core0,nopref,0.33232,749483,383091,54730,311662,1
nutch_phase1_core0,spp,0.34573,529799,62697,58726,35687,1
nutch_phase1_core0,bingo,0.34671,768700,60678,54899,274593,1
nutch_phase1_core0,mlop,0.34706,679146,44119,54890,120108,1
nutch_phase1_core0,pythia,0.34797,757275,34214,54538,274135,1
nutch_phase1_core1,nopref,0.33032,457917,273386,41752,142779,1
nutch_phase1_core1,spp,0.33829,412092,94467,41251,14172,1
nutch_phase1_core1,bingo,0.33874,533801,108429,39956,130697,1
nutch_phase1_core1,mlop,0.33998,627338,64958,34133,70375,1
nutch_phase1_core1,pythia,0.3413,527374,59702,38874,129428,1
nutch_phase1_core2,nopref,0.32395,579711,314846,66755,198110,1
nutch_phase1_core2,spp,0.33219,486906,96987,69630,28271,1
nutch_phase1_core2,bingo,0.33322,600906,101482,66073,174372,1
nutch_phase1_core2,mlop,0.33395,666777,63119,61294,84383,1
nutch_phase1_core2,pythia,0.33529,619467,49098,65132,175156,1
nutch_phase1_core3,nopref,0.32925,708312,384864,62049,261399,1
nutch_phase1_core3,spp,0.34175,551483,85116,66075,36590,1
nutch_phase1_core3,bingo,0.34293,705129,81324,62167,222680,1
nutch_phase1_core3,mlop,0.34354,708820,56894,61446,100329,1
nutch_phase1_core3,pythia,0.34443,720648,45912,61575,219761,1
nutch_phase3_core0,nopref,0.33611,505744,285690,43020,177034,1
nutch_phase3_core0,spp,0.34469,406328,91034,41786,16746,1
nutch_phase3_core0,bingo,0.34531,529530,94443,39574,153709,1
nutch_phase3_core0,mlop,0.34637,555592,57792,33045,51613,1
nutch_phase3_core0,pythia,0.34736,543491,50248,39945,151579,1
nutch_phase3_core1,nopref,0.32414,835199,549304,45042,240853,1
nutch_phase3_core1,spp,0.33931,693146,111354,45521,22477,1
nutch_phase3_core1,bingo,0.33989,919695,116615,44084,231795,1
nutch_phase3_core1,mlop,0.34206,946044,76084,42278,95225,1
nutch_phase3_core1,pythia,0.34285,877316,64627,43480,201733,1
nutch_phase3_core2,nopref,0.34745,459363,264103,34706,160554,1
nutch_phase3_core2,spp,0.35571,367876,83759,34637,14603,1
nutch_phase3_core2,bingo,0.35609,492633,92633,32644,146594,1
nutch_phase3_core2,mlop,0.35779,539020,49727,27880,65270,1
nutch_phase3_core2,pythia,0.35785,488915,60734,32365,136814,1
nutch_phase3_core3,nopref,0.32274,665516,383570,54627,227319,1
nutch_phase3_core3,spp,0.33272,559994,112326,61109,25315,1
nutch_phase3_core3,bingo,0.33338,721146,118832,57176,193522,1
nutch_phase3_core3,mlop,0.33475,768610,78320,56493,80084,1
nutch_phase3_core3,pythia,0.33617,713750,61903,54508,178973,1
nutch_phase4_core0,nopref,0.33027,612882,344669,51146,217067,1
nutch_phase4_core0,spp,0.34088,486908,96449,50207,27279,1
nutch_phase4_core0,bingo,0.34083,667756,103031,49431,191146,1
nutch_phase4_core0,mlop,0.34247,672796,65366,44198,79846,1
nutch_phase4_core0,pythia,0.34363,664704,54687,48776,190639,1
nutch_phase4_core1,nopref,0.31891,515425,305290,48123,162012,1
nutch_phase4_core1,spp,0.32589,469245,113940,50238,22953,1
nutch_phase4_core1,bingo,0.32765,589259,108710,48485,143498,1
nutch_phase4_core1,mlop,0.32786,665147,72981,42014,49611,1
nutch_phase4_core1,pythia,0.32959,595336,59347,46293,145349,1
nutch_phase4_core2,nopref,0.31974,753419,389266,69400,294753,1
nutch_phase4_core2,spp,0.33154,560612,79034,71662,37368,1
nutch_phase4_core2,bingo,0.33191,757594,84491,69547,252380,1
nutch_phase4_core2,mlop,0.33326,701624,53576,67647,95382,1
nutch_phase4_core2,pythia,0.33416,760362,41769,69736,247030,1
nutch_phase4_core3,nopref,0.31429,542366,304994,57228,180144,1
nutch_phase4_core3,spp,0.32173,455424,89506,57979,27142,1
nutch_phase4_core3,bingo,0.32229,564569,104287,55496,158511,1
nutch_phase4_core3,mlop,0.3232,623237,58273,49718,61721,1
nutch_phase4_core3,pythia,0.32439,590324,49178,55009,161833,1
streaming_phase0_core1,nopref,0.2458,855785,681263,116381,58141,1
streaming_phase0_core1,spp,0.25958,1000965,290217,139059,58797,1
streaming_phase0_core1,bingo,0.26291,1018611,151231,122073,62680,1
streaming_phase0_core1,mlop,0.26229,1462798,161029,137798,71713,1
streaming_phase0_core1,pythia,0.26054,996282,210118,119650,43987,1
streaming_phase1_core0,nopref,0.22037,559907,403229,112266,44412,1
streaming_phase1_core0,spp,0.22308,713192,258002,139804,50627,1
streaming_phase1_core0,bingo,0.22502,732143,116856,128183,49829,1
streaming_phase1_core0,mlop,0.22456,1156977,112378,151053,61080,1
streaming_phase1_core0,pythia,0.22457,650530,104977,118596,27103,1
streaming_phase1_core1,nopref,0.21723,497879,365707,95729,36443,1
streaming_phase1_core1,spp,0.21889,639350,252797,119220,42327,1
streaming_phase1_core1,bingo,0.22071,663188,112734,110317,40894,1
streaming_phase1_core1,mlop,0.22022,1080184,106713,131110,51292,1
streaming_phase1_core1,pythia,0.22024,585016,102294,102081,24134,1
streaming_phase1_core3,nopref,0.21365,543221,370779,122843,49599,1
streaming_phase1_core3,spp,0.21505,680292,255629,145141,55292,1
streaming_phase1_core3,bingo,0.21676,707111,117136,138079,54458,1
streaming_phase1_core3,mlop,0.21635,1119154,109842,159668,66220,1
streaming_phase1_core3,pythia,0.21629,629569,103362,129667,31216,1
streaming_phase2_core0,nopref,0.21658,599125,424424,123421,51280,1
streaming_phase2_core0,spp,0.21882,761901,285080,150308,57025,1
streaming_phase2_core0,bingo,0.22079,790762,141679,139488,56952,1
streaming_phase2_core0,mlop,0.22032,1314236,132718,161866,72157,1
streaming_phase2_core0,pythia,0.22025,702704,128328,130365,31421,1
streaming_phase2_core1,nopref,0.23537,667858,520504,103770,43584,1
streaming_phase2_core1,spp,0.24275,824342,268271,128412,47501,1
streaming_phase2_core1,bingo,0.24536,848939,135874,120724,46932,1
streaming_phase2_core1,mlop,0.24474,1378019,129882,139857,60114,1
streaming_phase2_core1,pythia,0.24469,773232,124741,111478,27413,1
streaming_phase2_core2,nopref,0.21593,562071,490666,52706,18699,1
streaming_phase2_core2,spp,0.225,686981,173095,74940,23416,1
streaming_phase2_core2,bingo,0.2267,673764,97441,67338,20709,1
streaming_phase2_core2,mlop,0.22627,1051865,105138,80142,30521,1
streaming_phase2_core2,pythia,0.22473,650976,130175,62051,10307,1
streaming_phase2_core3,nopref,0.23012,692786,513488,122820,56478,1
streaming_phase2_core3,spp,0.23648,877750,288437,155739,62731,1
streaming_phase2_core3,bingo,0.23896,894378,152252,140557,61490,1
streaming_phase2_core3,mlop,0.23862,1465506,141868,161924,77038,1
streaming_phase2_core3,pythia,0.23827,818815,137429,134947,36363,1
streaming_phase3_core0,nopref,0.20978,647281,449302,135272,62707,1
streaming_phase3_core0,spp,0.21112,834451,337773,165083,64521,1
streaming_phase3_core0,bingo,0.21305,893143,178057,158146,68725,1
streaming_phase3_core0,mlop,0.21258,1598881,170908,180323,85768,1
streaming_phase3_core0,pythia,0.21242,788552,171314,145513,40596,1
streaming_phase3_core1,nopref,0.21025,633853,438745,131615,63493,1
streaming_phase3_core1,spp,0.2117,813728,326746,158683,65073,1
streaming_phase3_core1,bingo,0.21355,867463,171180,151525,68465,1
streaming_phase3_core1,mlop,0.21312,1535018,162284,173897,86647,1
streaming_phase3_core1,pythia,0.21311,762441,151401,138978,40359,1
streaming_phase3_core3,nopref,0.21264,684477,472270,139898,72309,1
streaming_phase3_core3,spp,0.21458,890733,341070,173759,74301,1
streaming_phase3_core3,bingo,0.21659,933548,183481,162785,78337,1
streaming_phase3_core3,mlop,0.21619,1647976,174212,184470,95930,1
streaming_phase3_core3,pythia,0.21619,830266,160284,149640,47572,1
streaming_phase4_core0,nopref,0.21382,565856,365759,141634,58463,1
streaming_phase4_core0,spp,0.21468,713376,259097,164970,66579,1
streaming_phase4_core0,bingo,0.21666,737221,115925,158399,63677,1
streaming_phase4_core0,mlop,0.21596,1131434,115822,177352,75513,1
streaming_phase4_core0,pythia,0.21589,658983,105822,149469,35345,1
streaming_phase4_core1,nopref,0.2288,636042,466135,122831,47076,1
streaming_phase4_core1,spp,0.23476,809860,257015,156208,57825,1
streaming_phase4_core1,bingo,0.23751,794910,108325,139074,52938,1
streaming_phase4_core1,mlop,0.23666,1214843,110110,163651,67005,1
streaming_phase4_core1,pythia,0.23678,719287,94797,130087,30417,1
streaming_phase4_core3,nopref,0.24276,649129,512098,101681,35350,1
streaming_phase4_core3,spp,0.25154,808475,241657,129264,43663,1
streaming_phase4_core3,bingo,0.25457,800029,112013,115625,39904,1
streaming_phase4_core3,mlop,0.25371,1220547,111955,137509,53414,1
streaming_phase4_core3,pythia,0.25397,736750,92840,108147,23376,1
streaming_phase5_core0,nopref,0.21262,730029,497726,164895,67408,1
streaming_phase5_core0,spp,0.21606,874504,288992,193687,74420,1
streaming_phase5_core0,bingo,0.21841,900338,132004,178952,72602,1
streaming_phase5_core0,mlop,0.21771,1315427,133316,200225,88054,1
streaming_phase5_core0,pythia,0.21762,840924,138403,171483,48856,1
streaming_phase5_core1,nopref,0.21473,700631,497657,139191,63783,1
streaming_phase5_core1,spp,0.21786,842218,293982,167800,64544,1
streaming_phase5_core1,bingo,0.22007,879908,138614,155635,69678,1
streaming_phase5_core1,mlop,0.21954,1276460,135018,175169,78064,1
streaming_phase5_core1,pythia,0.21949,822528,144771,147951,48460,1
